Package	Version	LibPath	Built
abind	1.4-8	/usr/local/lib/R/site-library	4.3.3
admisc	0.40	/usr/local/lib/R/site-library	4.3.3
affy	1.80.0	/usr/local/lib/R/site-library	4.3.3
affyio	1.72.0	/usr/local/lib/R/site-library	4.3.3
ALL	1.44.0	/usr/local/lib/R/site-library	4.3.3
alluvial	0.1-2	/usr/local/lib/R/site-library	4.3.3
annotate	1.80.0	/usr/local/lib/R/site-library	4.3.3
AnnotationDbi	1.64.1	/usr/local/lib/R/site-library	4.3.3
AnnotationFilter	1.26.0	/usr/local/lib/R/site-library	4.3.3
AnnotationHub	3.10.1	/usr/local/lib/R/site-library	4.3.3
ape	5.8-1	/usr/local/lib/R/site-library	4.3.3
aplot	0.2.9	/usr/local/lib/R/site-library	4.3.3
argparse	2.3.1	/usr/local/lib/R/site-library	4.3.3
aricode	1.0.3	/usr/local/lib/R/site-library	4.3.3
arrangements	1.1.10	/usr/local/lib/R/site-library	4.3.3
AsioHeaders	1.30.2-1	/usr/local/lib/R/site-library	4.3.3
askpass	1.2.1	/usr/local/lib/R/site-library	4.3.3
assertthat	0.2.1	/usr/local/lib/R/site-library	4.3.3
AUCell	1.24.0	/usr/local/lib/R/site-library	4.3.3
babelgene	22.9	/usr/local/lib/R/site-library	4.3.3
backports	1.5.1	/usr/local/lib/R/site-library	4.3.3
base64	2.0.2	/usr/local/lib/R/site-library	4.3.3
base64enc	0.1-6	/usr/local/lib/R/site-library	4.3.3
basilisk	1.14.3	/usr/local/lib/R/site-library	4.3.3
basilisk.utils	1.14.1	/usr/local/lib/R/site-library	4.3.3
batchelor	1.18.1	/usr/local/lib/R/site-library	4.3.3
BayesSpace	1.12.0	/usr/local/lib/R/site-library	4.3.3
bayestestR	0.17.0	/usr/local/lib/R/site-library	4.3.3
BBmisc	1.13.1	/usr/local/lib/R/site-library	4.3.3
bcellViper	1.36.0	/usr/local/lib/R/site-library	4.3.3
bdsmatrix	1.3-7	/usr/local/lib/R/site-library	4.3.3
beachmat	2.18.1	/usr/local/lib/R/site-library	4.3.3
beanplot	1.3.1	/usr/local/lib/R/site-library	4.3.3
beeswarm	0.4.0	/usr/local/lib/R/site-library	4.3.3
beyondcell	2.2.2	/usr/local/lib/R/site-library	4.3.3
BH	1.90.0-1	/usr/local/lib/R/site-library	4.3.3
BiasedUrn	2.0.12	/usr/local/lib/R/site-library	4.3.3
biglm	0.9-3	/usr/local/lib/R/site-library	4.3.3
Biobase	2.62.0	/usr/local/lib/R/site-library	4.3.3
BiocBaseUtils	1.4.0	/usr/local/lib/R/site-library	4.3.3
BiocFileCache	2.10.2	/usr/local/lib/R/site-library	4.3.3
BiocGenerics	0.48.1	/usr/local/lib/R/site-library	4.3.3
BiocIO	1.12.0	/usr/local/lib/R/site-library	4.3.3
BiocManager	1.30.27	/usr/local/lib/R/site-library	4.3.3
BiocNeighbors	1.20.2	/usr/local/lib/R/site-library	4.3.3
BiocParallel	1.36.0	/usr/local/lib/R/site-library	4.3.3
BiocSingular	1.18.0	/usr/local/lib/R/site-library	4.3.3
BiocVersion	3.18.1	/usr/local/lib/R/site-library	4.3.3
biomaRt	2.58.2	/usr/local/lib/R/site-library	4.3.3
Biostrings	2.70.3	/usr/local/lib/R/site-library	4.3.3
biovizBase	1.50.0	/usr/local/lib/R/site-library	4.3.3
bit	4.6.0	/usr/local/lib/R/site-library	4.3.3
bit64	4.6.0-1	/usr/local/lib/R/site-library	4.3.3
bitops	1.0-9	/usr/local/lib/R/site-library	4.3.3
blob	1.3.0	/usr/local/lib/R/site-library	4.3.3
bluster	1.12.0	/usr/local/lib/R/site-library	4.3.3
BPCells	0.3.1	/usr/local/lib/R/site-library	4.3.3
brew	1.0-10	/usr/local/lib/R/site-library	4.3.3
brio	1.1.5	/usr/local/lib/R/site-library	4.3.3
broom	1.0.12	/usr/local/lib/R/site-library	4.3.3
BSgenome	1.70.2	/usr/local/lib/R/site-library	4.3.3
bslib	0.10.0	/usr/local/lib/R/site-library	4.3.3
bsseq	1.38.0	/usr/local/lib/R/site-library	4.3.3
bumphunter	1.44.0	/usr/local/lib/R/site-library	4.3.3
cachem	1.1.0	/usr/local/lib/R/site-library	4.3.3
Cairo	1.7-0	/usr/local/lib/R/site-library	4.3.3
callr	3.7.6	/usr/local/lib/R/site-library	4.3.3
car	3.1-5	/usr/local/lib/R/site-library	4.3.3
carData	3.0-6	/usr/local/lib/R/site-library	4.3.3
caret	7.0-1	/usr/local/lib/R/site-library	4.3.3
caTools	1.18.3	/usr/local/lib/R/site-library	4.3.3
CellChat	2.2.0.9001	/usr/local/lib/R/site-library	4.3.3
celldex	1.12.0	/usr/local/lib/R/site-library	4.3.3
cellranger	1.1.0	/usr/local/lib/R/site-library	4.3.3
ChAMP	2.32.0	/usr/local/lib/R/site-library	4.3.3
ChAMPdata	2.34.0	/usr/local/lib/R/site-library	4.3.3
checkmate	2.3.4	/usr/local/lib/R/site-library	4.3.3
chromote	0.5.1	/usr/local/lib/R/site-library	4.3.3
chron	2.3-62	/usr/local/lib/R/site-library	4.3.3
CIMLR	1.0.0	/usr/local/lib/R/site-library	4.3.3
circlize	0.4.18	/usr/local/lib/R/site-library	4.3.3
ClassDiscovery	3.4.5	/usr/local/lib/R/site-library	4.3.3
classInt	0.4-11	/usr/local/lib/R/site-library	4.3.3
cli	3.6.6	/usr/local/lib/R/site-library	4.3.3
clipr	0.8.0	/usr/local/lib/R/site-library	4.3.3
clock	0.7.4	/usr/local/lib/R/site-library	4.3.3
clue	0.3-68	/usr/local/lib/R/site-library	4.3.3
clusterProfiler	4.10.1	/usr/local/lib/R/site-library	4.3.3
clusterRepro	0.9	/usr/local/lib/R/site-library	4.3.3
cmprsk	2.2-12	/usr/local/lib/R/site-library	4.3.3
CMScaller	2.0.1	/usr/local/lib/R/site-library	4.3.3
coca	1.1.0	/usr/local/lib/R/site-library	4.3.3
coda	0.19-4.1	/usr/local/lib/R/site-library	4.3.3
coin	1.4-3	/usr/local/lib/R/site-library	4.3.3
collapse	2.1.6	/usr/local/lib/R/site-library	4.3.3
coloc	5.2.3	/usr/local/lib/R/site-library	4.3.3
colorspace	2.1-2	/usr/local/lib/R/site-library	4.3.3
combinat	0.0-8	/usr/local/lib/R/site-library	4.3.3
ComICS	1.0.4	/usr/local/lib/R/site-library	4.3.3
commonmark	2.0.0	/usr/local/lib/R/site-library	4.3.3
ComplexHeatmap	2.18.0	/usr/local/lib/R/site-library	4.3.3
CompQuadForm	1.4.4	/usr/local/lib/R/site-library	4.3.3
conflicted	1.2.0	/usr/local/lib/R/site-library	4.3.3
ConsensusClusterPlus	1.66.0	/usr/local/lib/R/site-library	4.3.3
ConsensusTME	0.0.1.9000	/usr/local/lib/R/site-library	4.3.3
copykat	1.1.0	/usr/local/lib/R/site-library	4.3.3
corpcor	1.6.10	/usr/local/lib/R/site-library	4.3.3
correlation	0.8.8	/usr/local/lib/R/site-library	4.3.3
corrplot	0.95	/usr/local/lib/R/site-library	4.3.3
covr	3.6.5	/usr/local/lib/R/site-library	4.3.3
cowplot	1.2.0	/usr/local/lib/R/site-library	4.3.3
coxme	2.2-22	/usr/local/lib/R/site-library	4.3.3
cpp11	0.5.4	/usr/local/lib/R/site-library	4.3.3
crayon	1.5.3	/usr/local/lib/R/site-library	4.3.3
credentials	2.0.3	/usr/local/lib/R/site-library	4.3.3
crosstalk	1.2.2	/usr/local/lib/R/site-library	4.3.3
curl	7.0.0	/usr/local/lib/R/site-library	4.3.3
data.table	1.18.2.1	/usr/local/lib/R/site-library	4.3.3
data.tree	1.2.0	/usr/local/lib/R/site-library	4.3.3
datawizard	1.3.0	/usr/local/lib/R/site-library	4.3.3
DBI	1.3.0	/usr/local/lib/R/site-library	4.3.3
dbplyr	2.5.2	/usr/local/lib/R/site-library	4.3.3
decoupleR	2.8.0	/usr/local/lib/R/site-library	4.3.3
DelayedArray	0.28.0	/usr/local/lib/R/site-library	4.3.3
DelayedMatrixStats	1.24.0	/usr/local/lib/R/site-library	4.3.3
deldir	2.0-4	/usr/local/lib/R/site-library	4.3.3
dendextend	1.19.1	/usr/local/lib/R/site-library	4.3.3
DEoptimR	1.1-4	/usr/local/lib/R/site-library	4.3.3
depmap	1.16.0	/usr/local/lib/R/site-library	4.3.3
Deriv	4.2.0	/usr/local/lib/R/site-library	4.3.3
desc	1.4.3	/usr/local/lib/R/site-library	4.3.3
DESeq2	1.42.1	/usr/local/lib/R/site-library	4.3.3
deSolve	1.42	/usr/local/lib/R/site-library	4.3.3
devtools	2.5.0	/usr/local/lib/R/site-library	4.3.3
diagram	1.6.5	/usr/local/lib/R/site-library	4.3.3
DiagrammeR	1.0.11	/usr/local/lib/R/site-library	4.3.3
DiceKriging	1.6.1	/usr/local/lib/R/site-library	4.3.3
dichromat	2.0-0.1	/usr/local/lib/R/site-library	4.3.3
diffobj	0.3.6	/usr/local/lib/R/site-library	4.3.3
digest	0.6.39	/usr/local/lib/R/site-library	4.3.3
diptest	0.77-2	/usr/local/lib/R/site-library	4.3.3
dir.expiry	1.10.0	/usr/local/lib/R/site-library	4.3.3
DirichletReg	0.7-2	/usr/local/lib/R/site-library	4.3.3
distributional	0.7.0	/usr/local/lib/R/site-library	4.3.3
dlm	1.1-6.1	/usr/local/lib/R/site-library	4.3.3
DMRcate	2.16.1	/usr/local/lib/R/site-library	4.3.3
DMwR	0.4.1	/usr/local/lib/R/site-library	4.3.3
DNAcopy	1.76.0	/usr/local/lib/R/site-library	4.3.3
doBy	4.7.1	/usr/local/lib/R/site-library	4.3.3
doParallel	1.0.17	/usr/local/lib/R/site-library	4.3.3
doRNG	1.8.6.3	/usr/local/lib/R/site-library	4.3.3
dorothea	1.7.4	/usr/local/lib/R/site-library	4.3.3
DOSE	3.28.2	/usr/local/lib/R/site-library	4.3.3
dotCall64	1.2	/usr/local/lib/R/site-library	4.3.3
DoubletFinder	2.0.6	/usr/local/lib/R/site-library	4.3.3
downlit	0.4.5	/usr/local/lib/R/site-library	4.3.3
downloader	0.4.1	/usr/local/lib/R/site-library	4.3.3
dplyr	1.2.1	/usr/local/lib/R/site-library	4.3.3
dqrng	0.4.1	/usr/local/lib/R/site-library	4.3.3
DropletUtils	1.22.0	/usr/local/lib/R/site-library	4.3.3
DT	0.34.0	/usr/local/lib/R/site-library	4.3.3
dtplyr	1.3.3	/usr/local/lib/R/site-library	4.3.3
dunn.test	1.3.7	/usr/local/lib/R/site-library	4.3.3
dynamicTreeCut	1.63-1	/usr/local/lib/R/site-library	4.3.3
e1071	1.7-17	/usr/local/lib/R/site-library	4.3.3
edgeR	4.0.16	/usr/local/lib/R/site-library	4.3.3
effectsize	1.0.2	/usr/local/lib/R/site-library	4.3.3
effsize	0.8.1	/usr/local/lib/R/site-library	4.3.3
ellipse	0.5.0	/usr/local/lib/R/site-library	4.3.3
ellipsis	0.3.3	/usr/local/lib/R/site-library	4.3.3
ELMER	2.26.0	/usr/local/lib/R/site-library	4.3.3
ELMER.data	2.26.0	/usr/local/lib/R/site-library	4.3.3
emoa	0.5-3	/usr/local/lib/R/site-library	4.3.3
EnhancedVolcano	1.20.0	/usr/local/lib/R/site-library	4.3.3
enrichit	0.1.4	/usr/local/lib/R/site-library	4.3.3
enrichplot	1.31.5	/usr/local/lib/R/site-library	4.3.3
ensembldb	2.26.0	/usr/local/lib/R/site-library	4.3.3
entropy	1.3.2	/usr/local/lib/R/site-library	4.3.3
EPIC	1.1.7	/usr/local/lib/R/site-library	4.3.3
evaluate	1.0.5	/usr/local/lib/R/site-library	4.3.3
exactRankTests	0.8-36	/usr/local/lib/R/site-library	4.3.3
ExperimentHub	2.10.0	/usr/local/lib/R/site-library	4.3.3
ExPosition	2.11.0	/usr/local/lib/R/site-library	4.3.3
fansi	1.0.7	/usr/local/lib/R/site-library	4.3.3
farver	2.1.2	/usr/local/lib/R/site-library	4.3.3
fastcluster	1.3.0	/usr/local/lib/R/site-library	4.3.3
fastDummies	1.7.5	/usr/local/lib/R/site-library	4.3.3
fastICA	1.2-7	/usr/local/lib/R/site-library	4.3.3
fastmap	1.2.0	/usr/local/lib/R/site-library	4.3.3
fastmatch	1.1-8	/usr/local/lib/R/site-library	4.3.3
FDb.InfiniumMethylation.hg19	2.2.0	/usr/local/lib/R/site-library	4.3.3
fdrtool	1.2.18	/usr/local/lib/R/site-library	4.3.3
fgsea	1.28.0	/usr/local/lib/R/site-library	4.3.3
fields	17.1	/usr/local/lib/R/site-library	4.3.3
filelock	1.0.3	/usr/local/lib/R/site-library	4.3.3
findpython	1.0.9	/usr/local/lib/R/site-library	4.3.3
fitdistrplus	1.2-6	/usr/local/lib/R/site-library	4.3.3
flexclust	1.5.0	/usr/local/lib/R/site-library	4.3.3
flexmix	2.3-20	/usr/local/lib/R/site-library	4.3.3
flextable	0.9.11	/usr/local/lib/R/site-library	4.3.3
FME	1.3.6.4	/usr/local/lib/R/site-library	4.3.3
FNN	1.1.4.1	/usr/local/lib/R/site-library	4.3.3
fontawesome	0.5.3	/usr/local/lib/R/site-library	4.3.3
fontBitstreamVera	0.1.1	/usr/local/lib/R/site-library	4.3.3
fontLiberation	0.1.0	/usr/local/lib/R/site-library	4.3.3
fontquiver	0.2.1	/usr/local/lib/R/site-library	4.3.3
forcats	1.0.1	/usr/local/lib/R/site-library	4.3.3
foreach	1.5.2	/usr/local/lib/R/site-library	4.3.3
forecast	9.0.2	/usr/local/lib/R/site-library	4.3.3
forestplot	3.2.0	/usr/local/lib/R/site-library	4.3.3
formatR	1.14	/usr/local/lib/R/site-library	4.3.3
Formula	1.2-5	/usr/local/lib/R/site-library	4.3.3
fpc	2.2-14	/usr/local/lib/R/site-library	4.3.3
fracdiff	1.5-3	/usr/local/lib/R/site-library	4.3.3
fs	2.0.1	/usr/local/lib/R/site-library	4.3.3
furrr	0.4.0	/usr/local/lib/R/site-library	4.3.3
futile.logger	1.4.9	/usr/local/lib/R/site-library	4.3.3
futile.options	1.0.1	/usr/local/lib/R/site-library	4.3.3
future	1.70.0	/usr/local/lib/R/site-library	4.3.3
future.apply	1.20.2	/usr/local/lib/R/site-library	4.3.3
gargle	1.6.1	/usr/local/lib/R/site-library	4.3.3
gdata	3.0.1	/usr/local/lib/R/site-library	4.3.3
gdtools	0.5.0	/usr/local/lib/R/site-library	4.3.3
geepack	1.3.13	/usr/local/lib/R/site-library	4.3.3
genefilter	1.84.0	/usr/local/lib/R/site-library	4.3.3
geneLenDataBase	1.38.0	/usr/local/lib/R/site-library	4.3.3
generics	0.1.4	/usr/local/lib/R/site-library	4.3.3
genetics.binaRies	0.1.2	/usr/local/lib/R/site-library	4.3.3
GenomeInfoDb	1.38.8	/usr/local/lib/R/site-library	4.3.3
GenomeInfoDbData	1.2.11	/usr/local/lib/R/site-library	4.3.3
GenomicAlignments	1.38.2	/usr/local/lib/R/site-library	4.3.3
GenomicFeatures	1.54.4	/usr/local/lib/R/site-library	4.3.3
GenomicRanges	1.54.1	/usr/local/lib/R/site-library	4.3.3
GEOquery	2.70.0	/usr/local/lib/R/site-library	4.3.3
gert	2.3.1	/usr/local/lib/R/site-library	4.3.3
GetoptLong	1.1.1	/usr/local/lib/R/site-library	4.3.3
ggalluvial	0.12.6	/usr/local/lib/R/site-library	4.3.3
ggbeeswarm	0.7.3	/usr/local/lib/R/site-library	4.3.3
ggdist	3.3.3	/usr/local/lib/R/site-library	4.3.3
ggforce	0.5.0	/usr/local/lib/R/site-library	4.3.3
ggfun	0.2.0	/usr/local/lib/R/site-library	4.3.3
gggrid	0.2-0	/usr/local/lib/R/site-library	4.3.3
ggiraph	0.9.6	/usr/local/lib/R/site-library	4.3.3
ggnetwork	0.5.14	/usr/local/lib/R/site-library	4.3.3
ggnewscale	0.5.2	/usr/local/lib/R/site-library	4.3.3
ggplot2	4.0.2	/usr/local/lib/R/site-library	4.3.3
ggplotify	0.1.3	/usr/local/lib/R/site-library	4.3.3
ggpp	0.6.0	/usr/local/lib/R/site-library	4.3.3
ggpubr	0.6.3	/usr/local/lib/R/site-library	4.3.3
ggraph	2.2.2	/usr/local/lib/R/site-library	4.3.3
ggrastr	1.0.2	/usr/local/lib/R/site-library	4.3.3
ggrepel	0.9.8	/usr/local/lib/R/site-library	4.3.3
ggridges	0.5.7	/usr/local/lib/R/site-library	4.3.3
ggsci	4.3.0	/usr/local/lib/R/site-library	4.3.3
ggseg	2.1.1	/usr/local/lib/R/site-library	4.3.3
ggseg.extra	1.9.9.9001	/usr/local/lib/R/site-library	4.3.3
ggseg.formats	0.0.2	/usr/local/lib/R/site-library	4.3.3
ggseg3d	2.1.0	/usr/local/lib/R/site-library	4.3.3
ggsegDefaultExtra	2.0.0	/usr/local/lib/R/site-library	4.3.3
ggsegDKT	2.0.1	/usr/local/lib/R/site-library	4.3.3
ggsignif	0.6.4	/usr/local/lib/R/site-library	4.3.3
ggtangle	0.1.1	/usr/local/lib/R/site-library	4.3.3
ggtext	0.1.2	/usr/local/lib/R/site-library	4.3.3
ggtree	4.1.2	/usr/local/lib/R/site-library	4.3.3
ggVennDiagram	1.5.7	/usr/local/lib/R/site-library	4.3.3
gh	1.5.0	/usr/local/lib/R/site-library	4.3.3
gitcreds	0.1.2	/usr/local/lib/R/site-library	4.3.3
glmnet	4.1-10	/usr/local/lib/R/site-library	4.3.3
GlobalOptions	0.1.4	/usr/local/lib/R/site-library	4.3.3
globals	0.19.1	/usr/local/lib/R/site-library	4.3.3
globaltest	5.56.0	/usr/local/lib/R/site-library	4.3.3
glue	1.8.0	/usr/local/lib/R/site-library	4.3.3
gmodels	2.19.1	/usr/local/lib/R/site-library	4.3.3
gmp	0.7-5.1	/usr/local/lib/R/site-library	4.3.3
GO.db	3.18.0	/usr/local/lib/R/site-library	4.3.3
goftest	1.2-3	/usr/local/lib/R/site-library	4.3.3
googledrive	2.1.2	/usr/local/lib/R/site-library	4.3.3
googlesheets4	1.1.2	/usr/local/lib/R/site-library	4.3.3
GOSemSim	2.37.2	/usr/local/lib/R/site-library	4.3.3
goseq	1.54.0	/usr/local/lib/R/site-library	4.3.3
gower	1.0.2	/usr/local/lib/R/site-library	4.3.3
GPArotation	2025.3-1	/usr/local/lib/R/site-library	4.3.3
gplots	3.3.0	/usr/local/lib/R/site-library	4.3.3
gprofiler2	0.2.4	/usr/local/lib/R/site-library	4.3.3
graph	1.80.0	/usr/local/lib/R/site-library	4.3.3
graphite	1.48.0	/usr/local/lib/R/site-library	4.3.3
graphlayouts	1.2.3	/usr/local/lib/R/site-library	4.3.3
gridBase	0.4-7	/usr/local/lib/R/site-library	4.3.3
gridExtra	2.3	/usr/local/lib/R/site-library	4.3.3
gridGraphics	0.5-1	/usr/local/lib/R/site-library	4.3.3
gridtext	0.1.6	/usr/local/lib/R/site-library	4.3.3
grr	0.9.5	/usr/local/lib/R/site-library	4.3.3
GSEABase	1.64.0	/usr/local/lib/R/site-library	4.3.3
gson	0.1.0	/usr/local/lib/R/site-library	4.3.3
gsubfn	0.7	/usr/local/lib/R/site-library	4.3.3
GSVA	1.50.5	/usr/local/lib/R/site-library	4.3.3
gtable	0.3.6	/usr/local/lib/R/site-library	4.3.3
gtools	3.9.5	/usr/local/lib/R/site-library	4.3.3
Gviz	1.46.1	/usr/local/lib/R/site-library	4.3.3
gwasglue2	0.0.0.9000	/usr/local/lib/R/site-library	4.3.3
gwasvcf	0.1.6	/usr/local/lib/R/site-library	4.3.3
hardhat	1.4.3	/usr/local/lib/R/site-library	4.3.3
harmony	1.2.4	/usr/local/lib/R/site-library	4.3.3
hash	2.2.6.4	/usr/local/lib/R/site-library	4.3.3
haven	2.5.5	/usr/local/lib/R/site-library	4.3.3
HDF5Array	1.30.1	/usr/local/lib/R/site-library	4.3.3
hdf5r	1.3.12	/usr/local/lib/R/site-library	4.3.3
HDO.db	0.99.1	/usr/local/lib/R/site-library	4.3.3
here	1.0.2	/usr/local/lib/R/site-library	4.3.3
hexbin	1.28.5	/usr/local/lib/R/site-library	4.3.3
hgu133a2.db	3.13.0	/usr/local/lib/R/site-library	4.3.3
HiddenMarkov	1.8-14	/usr/local/lib/R/site-library	4.3.3
highr	0.12	/usr/local/lib/R/site-library	4.3.3
Hmisc	5.2-5	/usr/local/lib/R/site-library	4.3.3
hms	1.1.4	/usr/local/lib/R/site-library	4.3.3
homologene	1.4.68.19.3.27	/usr/local/lib/R/site-library	4.3.3
htmlTable	2.4.3	/usr/local/lib/R/site-library	4.3.3
htmltools	0.5.9	/usr/local/lib/R/site-library	4.3.3
htmlwidgets	1.6.4	/usr/local/lib/R/site-library	4.3.3
httpuv	1.6.17	/usr/local/lib/R/site-library	4.3.3
httr	1.4.8	/usr/local/lib/R/site-library	4.3.3
httr2	1.2.2	/usr/local/lib/R/site-library	4.3.3
ica	1.0-3	/usr/local/lib/R/site-library	4.3.3
iClusterPlus	1.38.0	/usr/local/lib/R/site-library	4.3.3
ids	1.0.1	/usr/local/lib/R/site-library	4.3.3
ieugwasr	1.1.0	/usr/local/lib/R/site-library	4.3.3
igraph	2.2.3	/usr/local/lib/R/site-library	4.3.3
Illumina450ProbeVariants.db	1.38.0	/usr/local/lib/R/site-library	4.3.3
IlluminaHumanMethylation450kanno.ilmn12.hg19	0.6.1	/usr/local/lib/R/site-library	4.3.3
IlluminaHumanMethylation450kmanifest	0.4.0	/usr/local/lib/R/site-library	4.3.3
IlluminaHumanMethylationEPICanno.ilm10b4.hg19	0.6.0	/usr/local/lib/R/site-library	4.3.3
IlluminaHumanMethylationEPICmanifest	0.3.0	/usr/local/lib/R/site-library	4.3.3
illuminaHumanv4.db	1.26.0	/usr/local/lib/R/site-library	4.3.3
illuminaio	0.44.0	/usr/local/lib/R/site-library	4.3.3
immunedeconv	2.1.0	/usr/local/lib/R/site-library	4.3.3
impute	1.74.1	/usr/local/lib/R/site-library	4.3.3
infercnv	1.18.1	/usr/local/lib/R/site-library	4.3.3
ini	0.3.1	/usr/local/lib/R/site-library	4.3.3
insight	1.4.6	/usr/local/lib/R/site-library	4.3.3
interactiveDisplayBase	1.40.0	/usr/local/lib/R/site-library	4.3.3
interp	1.1-6	/usr/local/lib/R/site-library	4.3.3
InterSIM	2.3.0	/usr/local/lib/R/site-library	4.3.3
IntNMF	1.3.0	/usr/local/lib/R/site-library	4.3.3
IOBR	2.2.0	/usr/local/lib/R/site-library	4.3.3
ipred	0.9-15	/usr/local/lib/R/site-library	4.3.3
IRanges	2.36.0	/usr/local/lib/R/site-library	4.3.3
irlba	2.3.7	/usr/local/lib/R/site-library	4.3.3
isoband	0.3.0	/usr/local/lib/R/site-library	4.3.3
isva	1.10	/usr/local/lib/R/site-library	4.3.3
iterators	1.0.14	/usr/local/lib/R/site-library	4.3.3
iterpc	0.4.2	/usr/local/lib/R/site-library	4.3.3
JADE	2.0-4	/usr/local/lib/R/site-library	4.3.3
jpeg	0.1-11	/usr/local/lib/R/site-library	4.3.3
jquerylib	0.1.4	/usr/local/lib/R/site-library	4.3.3
jsonlite	2.0.0	/usr/local/lib/R/site-library	4.3.3
jsonvalidate	1.5.0	/usr/local/lib/R/site-library	4.3.3
jstable	1.3.25	/usr/local/lib/R/site-library	4.3.3
kableExtra	1.4.0	/usr/local/lib/R/site-library	4.3.3
keep	1.0	/usr/local/lib/R/site-library	4.3.3
KEGGREST	1.42.0	/usr/local/lib/R/site-library	4.3.3
kernlab	0.9-33	/usr/local/lib/R/site-library	4.3.3
knitr	1.51	/usr/local/lib/R/site-library	4.3.3
kpmt	0.1.0	/usr/local/lib/R/site-library	4.3.3
labeling	0.4.3	/usr/local/lib/R/site-library	4.3.3
labelled	2.16.0	/usr/local/lib/R/site-library	4.3.3
lambda.r	1.2.4	/usr/local/lib/R/site-library	4.3.3
later	1.4.8	/usr/local/lib/R/site-library	4.3.3
latticeExtra	0.6-31	/usr/local/lib/R/site-library	4.3.3
lava	1.9.0	/usr/local/lib/R/site-library	4.3.3
LAVA	0.1.5	/usr/local/lib/R/site-library	4.3.3
lavaan	0.6-21	/usr/local/lib/R/site-library	4.3.3
lazyeval	0.2.3	/usr/local/lib/R/site-library	4.3.3
LDlinkR	1.4.0	/usr/local/lib/R/site-library	4.3.3
leidenbase	0.1.36	/usr/local/lib/R/site-library	4.3.3
lhs	1.2.1	/usr/local/lib/R/site-library	4.3.3
libcoin	1.0-12	/usr/local/lib/R/site-library	4.3.3
lifecycle	1.0.5	/usr/local/lib/R/site-library	4.3.3
limma	3.58.1	/usr/local/lib/R/site-library	4.3.3
limSolve	2.0.1	/usr/local/lib/R/site-library	4.3.3
listenv	0.10.1	/usr/local/lib/R/site-library	4.3.3
litedown	0.9	/usr/local/lib/R/site-library	4.3.3
lme4	2.0-1	/usr/local/lib/R/site-library	4.3.3
lmerTest	3.2-1	/usr/local/lib/R/site-library	4.3.3
lmtest	0.9-40	/usr/local/lib/R/site-library	4.3.3
locfdr	1.1-8	/usr/local/lib/R/site-library	4.3.3
locfit	1.5-9.12	/usr/local/lib/R/site-library	4.3.3
locuszoomr	0.3.8	/usr/local/lib/R/site-library	4.3.3
logger	0.4.1	/usr/local/lib/R/site-library	4.3.3
lpSolve	5.6.23	/usr/local/lib/R/site-library	4.3.3
lubridate	1.9.5	/usr/local/lib/R/site-library	4.3.3
lumi	2.54.0	/usr/local/lib/R/site-library	4.3.3
maftools	2.16.0	/usr/local/lib/R/site-library	4.3.3
magick	2.9.1	/usr/local/lib/R/site-library	4.3.3
magrittr	2.0.5	/usr/local/lib/R/site-library	4.3.3
mapproj	1.2.12	/usr/local/lib/R/site-library	4.3.3
maps	3.4.3	/usr/local/lib/R/site-library	4.3.3
markdown	2.0	/usr/local/lib/R/site-library	4.3.3
marray	1.80.0	/usr/local/lib/R/site-library	4.3.3
mathjaxr	2.0-0	/usr/local/lib/R/site-library	4.3.3
Matrix	1.6-5	/usr/local/lib/R/site-library	4.3.3
MatrixGenerics	1.14.0	/usr/local/lib/R/site-library	4.3.3
MatrixModels	0.5-4	/usr/local/lib/R/site-library	4.3.3
matrixsampling	2.0.0	/usr/local/lib/R/site-library	4.3.3
matrixStats	1.5.0	/usr/local/lib/R/site-library	4.3.3
maxLik	1.5-2.2	/usr/local/lib/R/site-library	4.3.3
maxstat	0.7-26	/usr/local/lib/R/site-library	4.3.3
mclust	6.1.2	/usr/local/lib/R/site-library	4.3.3
mcmc	0.9-8	/usr/local/lib/R/site-library	4.3.3
MCMCpack	1.7-1	/usr/local/lib/R/site-library	4.3.3
MCPcounter	1.2.0	/usr/local/lib/R/site-library	4.3.3
mediation	4.5.1	/usr/local/lib/R/site-library	4.3.3
memoise	2.0.1	/usr/local/lib/R/site-library	4.3.3
MendelianRandomization	0.10.0	/usr/local/lib/R/site-library	4.3.3
metadat	1.4-0	/usr/local/lib/R/site-library	4.3.3
metafor	4.8-0	/usr/local/lib/R/site-library	4.3.3
metapod	1.10.1	/usr/local/lib/R/site-library	4.3.3
methylumi	2.48.0	/usr/local/lib/R/site-library	4.3.3
mets	1.3.9	/usr/local/lib/R/site-library	4.3.3
microbenchmark	1.5.0	/usr/local/lib/R/site-library	4.3.3
mime	0.13	/usr/local/lib/R/site-library	4.3.3
minfi	1.48.0	/usr/local/lib/R/site-library	4.3.3
miniUI	0.1.2	/usr/local/lib/R/site-library	4.3.3
minpack.lm	1.2-4	/usr/local/lib/R/site-library	4.3.3
minqa	1.2.8	/usr/local/lib/R/site-library	4.3.3
miscTools	0.6-30	/usr/local/lib/R/site-library	4.3.3
missMethyl	1.36.0	/usr/local/lib/R/site-library	4.3.3
mitools	2.4	/usr/local/lib/R/site-library	4.3.3
mixOmics	6.26.0	/usr/local/lib/R/site-library	4.3.3
mixsqp	0.3-54	/usr/local/lib/R/site-library	4.3.3
mixtools	2.0.0.1	/usr/local/lib/R/site-library	4.3.3
mlr	2.19.3	/usr/local/lib/R/site-library	4.3.3
mlrMBO	1.1.6	/usr/local/lib/R/site-library	4.3.3
mMCPcounter	1.1.0	/usr/local/lib/R/site-library	4.3.3
mnormt	2.1.2	/usr/local/lib/R/site-library	4.3.3
modelbased	0.14.0	/usr/local/lib/R/site-library	4.3.3
ModelMetrics	1.2.2.2	/usr/local/lib/R/site-library	4.3.3
modelr	0.1.11	/usr/local/lib/R/site-library	4.3.3
modeltools	0.2-24	/usr/local/lib/R/site-library	4.3.3
modules	0.13.0	/usr/local/lib/R/site-library	4.3.3
MOFA2	1.12.1	/usr/local/lib/R/site-library	4.3.3
mogsa	1.34.0	/usr/local/lib/R/site-library	4.3.3
monocle3	1.4.26	/usr/local/lib/R/site-library	4.3.3
MOVICS	0.99.17	/usr/local/lib/R/site-library	4.3.3
MRInstruments	0.3.2	/usr/local/lib/R/site-library	4.3.3
MRMix	0.1.0	/usr/local/lib/R/site-library	4.3.3
MRPRESSO	1.0	/usr/local/lib/R/site-library	4.3.3
msigdbr	26.1.0	/usr/local/lib/R/site-library	4.3.3
multcomp	1.4-30	/usr/local/lib/R/site-library	4.3.3
MultiAssayExperiment	1.28.0	/usr/local/lib/R/site-library	4.3.3
multtest	2.58.0	/usr/local/lib/R/site-library	4.3.3
MVMR	0.4.8	/usr/local/lib/R/site-library	4.3.3
mvtnorm	1.3-6	/usr/local/lib/R/site-library	4.3.3
NbClust	3.0.1	/usr/local/lib/R/site-library	4.3.3
network	1.20.0	/usr/local/lib/R/site-library	4.3.3
nhanesA	1.4.1	/usr/local/lib/R/site-library	4.3.3
nichenetr	2.2.1.1	/usr/local/lib/R/site-library	4.3.3
nleqslv	3.3.7	/usr/local/lib/R/site-library	4.3.3
nloptr	2.2.1	/usr/local/lib/R/site-library	4.3.3
NMF	0.28	/usr/local/lib/R/site-library	4.3.3
nor1mix	1.3-3	/usr/local/lib/R/site-library	4.3.3
nortest	1.0-4	/usr/local/lib/R/site-library	4.3.3
numDeriv	2016.8-1.1	/usr/local/lib/R/site-library	4.3.3
officer	0.7.4.002	/usr/local/lib/R/site-library	4.3.3
OmnipathR	3.10.1	/usr/local/lib/R/site-library	4.3.3
oncoPredict	1.2	/usr/local/lib/R/site-library	4.3.3
oompaBase	3.2.9	/usr/local/lib/R/site-library	4.3.3
oompaData	3.1.3	/usr/local/lib/R/site-library	4.3.3
openssl	2.3.5	/usr/local/lib/R/site-library	4.3.3
org.Hs.eg.db	3.18.0	/usr/local/lib/R/site-library	4.3.3
org.Mm.eg.db	3.18.0	/usr/local/lib/R/site-library	4.3.3
otel	0.2.0	/usr/local/lib/R/site-library	4.3.3
packrat	0.9.3	/usr/local/lib/R/site-library	4.3.3
pak	0.9.3	/usr/local/lib/R/site-library	4.3.3
pals	1.10	/usr/local/lib/R/site-library	4.3.3
pamr	1.57	/usr/local/lib/R/site-library	4.3.3
parallelDist	0.2.7	/usr/local/lib/R/site-library	4.3.3
parallelly	1.46.1	/usr/local/lib/R/site-library	4.3.3
parallelMap	1.5.1	/usr/local/lib/R/site-library	4.3.3
parameters	0.28.3	/usr/local/lib/R/site-library	4.3.3
ParamHelpers	1.14.2	/usr/local/lib/R/site-library	4.3.3
patchwork	1.3.2	/usr/local/lib/R/site-library	4.3.3
pbapply	1.7-4	/usr/local/lib/R/site-library	4.3.3
pbivnorm	0.6.0	/usr/local/lib/R/site-library	4.3.3
pbkrtest	0.5.5	/usr/local/lib/R/site-library	4.3.3
pbmcapply	1.5.1	/usr/local/lib/R/site-library	4.3.3
pdftools	3.7.0	/usr/local/lib/R/site-library	4.3.3
performance	0.16.0	/usr/local/lib/R/site-library	4.3.3
permute	0.9-10	/usr/local/lib/R/site-library	4.3.3
pheatmap	1.0.13	/usr/local/lib/R/site-library	4.3.3
phyclust	0.1-34	/usr/local/lib/R/site-library	4.3.3
pillar	1.11.1	/usr/local/lib/R/site-library	4.3.3
PINSPlus	2.0.9	/usr/local/lib/R/site-library	4.3.3
pkgbuild	1.4.8	/usr/local/lib/R/site-library	4.3.3
pkgconfig	2.0.3	/usr/local/lib/R/site-library	4.3.3
pkgdown	2.2.0	/usr/local/lib/R/site-library	4.3.3
pkgload	1.5.1	/usr/local/lib/R/site-library	4.3.3
plotly	4.12.0	/usr/local/lib/R/site-library	4.3.3
plotrix	3.8-14	/usr/local/lib/R/site-library	4.3.3
pls	2.9-0	/usr/local/lib/R/site-library	4.3.3
plyr	1.8.9	/usr/local/lib/R/site-library	4.3.3
png	0.1-9	/usr/local/lib/R/site-library	4.3.3
polyclip	1.10-7	/usr/local/lib/R/site-library	4.3.3
polynom	1.4-1	/usr/local/lib/R/site-library	4.3.3
prabclus	2.3-5	/usr/local/lib/R/site-library	4.3.3
pracma	2.4.6	/usr/local/lib/R/site-library	4.3.3
praise	1.0.0	/usr/local/lib/R/site-library	4.3.3
preprocessCore	1.62.1	/usr/local/lib/R/site-library	4.3.3
presto	1.0.0	/usr/local/lib/R/site-library	4.3.3
prettydoc	0.4.1	/usr/local/lib/R/site-library	4.3.3
prettyGraphs	2.2.0	/usr/local/lib/R/site-library	4.3.3
prettyunits	1.2.0	/usr/local/lib/R/site-library	4.3.3
princurve	2.1.6	/usr/local/lib/R/site-library	4.3.3
pROC	1.19.0.1	/usr/local/lib/R/site-library	4.3.3
processx	3.8.7	/usr/local/lib/R/site-library	4.3.3
prodlim	2026.03.11	/usr/local/lib/R/site-library	4.3.3
profvis	0.4.0	/usr/local/lib/R/site-library	4.3.3
progress	1.2.3	/usr/local/lib/R/site-library	4.3.3
progressr	0.19.0	/usr/local/lib/R/site-library	4.3.3
promises	1.5.0	/usr/local/lib/R/site-library	4.3.3
ProtGenerics	1.34.0	/usr/local/lib/R/site-library	4.3.3
proto	1.0.0	/usr/local/lib/R/site-library	4.3.3
proxy	0.4-29	/usr/local/lib/R/site-library	4.3.3
ps	1.9.2	/usr/local/lib/R/site-library	4.3.3
pscl	1.5.9	/usr/local/lib/R/site-library	4.3.3
psych	2.6.3	/usr/local/lib/R/site-library	4.3.3
Publish	2025.07.24	/usr/local/lib/R/site-library	4.3.3
purrr	1.2.2	/usr/local/lib/R/site-library	4.3.3
qpdf	1.4.1	/usr/local/lib/R/site-library	4.3.3
quadprog	1.5-8	/usr/local/lib/R/site-library	4.3.3
quantiseqr	1.8.0	/usr/local/lib/R/site-library	4.3.3
quantmod	0.4.28	/usr/local/lib/R/site-library	4.3.3
quantreg	6.1	/usr/local/lib/R/site-library	4.3.3
qvalue	2.34.0	/usr/local/lib/R/site-library	4.3.3
R.methodsS3	1.8.2	/usr/local/lib/R/site-library	4.3.3
R.oo	1.27.1	/usr/local/lib/R/site-library	4.3.3
R.utils	2.13.0	/usr/local/lib/R/site-library	4.3.3
R6	2.6.1	/usr/local/lib/R/site-library	4.3.3
RadialMR	1.2.2	/usr/local/lib/R/site-library	4.3.3
ragg	1.5.2	/usr/local/lib/R/site-library	4.3.3
randomForest	4.7-1.2	/usr/local/lib/R/site-library	4.3.3
ranger	0.18.0	/usr/local/lib/R/site-library	4.3.3
RANN	2.6.2	/usr/local/lib/R/site-library	4.3.3
rappdirs	0.3.4	/usr/local/lib/R/site-library	4.3.3
rARPACK	0.11-0	/usr/local/lib/R/site-library	4.3.3
rbibutils	2.4.1	/usr/local/lib/R/site-library	4.3.3
rcmdcheck	1.4.0	/usr/local/lib/R/site-library	4.3.3
RColorBrewer	1.1-3	/usr/local/lib/R/site-library	4.3.3
Rcpp	1.1.1	/usr/local/lib/R/site-library	4.3.3
RcppAnnoy	0.0.23	/usr/local/lib/R/site-library	4.3.3
RcppArmadillo	15.2.4-1	/usr/local/lib/R/site-library	4.3.3
RcppDist	0.1.1.1	/usr/local/lib/R/site-library	4.3.3
RcppEigen	0.3.4.0.2	/usr/local/lib/R/site-library	4.3.3
RcppHNSW	0.6.0	/usr/local/lib/R/site-library	4.3.3
RcppML	0.3.7.1	/usr/local/lib/R/site-library	4.3.3
RcppParallel	5.1.11-2	/usr/local/lib/R/site-library	4.3.3
RcppProgress	0.4.2	/usr/local/lib/R/site-library	4.3.3
RcppTOML	0.2.3	/usr/local/lib/R/site-library	4.3.3
RCurl	1.98-1.18	/usr/local/lib/R/site-library	4.3.3
Rdpack	2.6.6	/usr/local/lib/R/site-library	4.3.3
reactome.db	1.86.2	/usr/local/lib/R/site-library	4.3.3
ReactomePA	1.46.0	/usr/local/lib/R/site-library	4.3.3
readr	2.2.0	/usr/local/lib/R/site-library	4.3.3
readxl	1.4.5	/usr/local/lib/R/site-library	4.3.3
recipes	1.3.2	/usr/local/lib/R/site-library	4.3.3
reformulas	0.4.4	/usr/local/lib/R/site-library	4.3.3
registry	0.5-1	/usr/local/lib/R/site-library	4.3.3
rematch	2.0.0	/usr/local/lib/R/site-library	4.3.3
rematch2	2.1.2	/usr/local/lib/R/site-library	4.3.3
remotes	2.5.0	/usr/local/lib/R/site-library	4.3.3
rentrez	1.2.4	/usr/local/lib/R/site-library	4.3.3
renv	1.2.1	/usr/local/lib/R/site-library	4.3.3
reprex	2.1.1	/usr/local/lib/R/site-library	4.3.3
reshape	0.8.10	/usr/local/lib/R/site-library	4.3.3
reshape2	1.4.5	/usr/local/lib/R/site-library	4.3.3
ResidualMatrix	1.12.0	/usr/local/lib/R/site-library	4.3.3
restfulr	0.0.16	/usr/local/lib/R/site-library	4.3.3
reticulate	1.46.0	/usr/local/lib/R/site-library	4.3.3
rex	1.2.2	/usr/local/lib/R/site-library	4.3.3
Rfast	2.1.5.2	/usr/local/lib/R/site-library	4.3.3
rhdf5	2.46.1	/usr/local/lib/R/site-library	4.3.3
rhdf5filters	1.14.1	/usr/local/lib/R/site-library	4.3.3
Rhdf5lib	1.24.2	/usr/local/lib/R/site-library	4.3.3
RhpcBLASctl	0.23-42	/usr/local/lib/R/site-library	4.3.3
Rhtslib	2.4.1	/usr/local/lib/R/site-library	4.3.3
ridge	3.3	/usr/local/lib/R/site-library	4.3.3
rjags	4-17	/usr/local/lib/R/site-library	4.3.3
rjson	0.2.23	/usr/local/lib/R/site-library	4.3.3
rlang	1.2.0	/usr/local/lib/R/site-library	4.3.3
rlist	0.4.6.2	/usr/local/lib/R/site-library	4.3.3
rmarkdown	2.31	/usr/local/lib/R/site-library	4.3.3
Rmpfr	1.1-2	/usr/local/lib/R/site-library	4.3.3
rngtools	1.5.2	/usr/local/lib/R/site-library	4.3.3
robustbase	0.99-7	/usr/local/lib/R/site-library	4.3.3
ROC	1.78.0	/usr/local/lib/R/site-library	4.3.3
ROCR	1.0-12	/usr/local/lib/R/site-library	4.3.3
rootSolve	1.8.2.4	/usr/local/lib/R/site-library	4.3.3
roxygen2	7.3.3	/usr/local/lib/R/site-library	4.3.3
RPMM	1.25	/usr/local/lib/R/site-library	4.3.3
rprojroot	2.1.1	/usr/local/lib/R/site-library	4.3.3
rsample	1.3.2	/usr/local/lib/R/site-library	4.3.3
Rsamtools	2.18.0	/usr/local/lib/R/site-library	4.3.3
RSpectra	0.16-2	/usr/local/lib/R/site-library	4.3.3
RSQLite	2.4.6	/usr/local/lib/R/site-library	4.3.3
rstatix	0.7.3	/usr/local/lib/R/site-library	4.3.3
rstudioapi	0.18.0	/usr/local/lib/R/site-library	4.3.3
rsvd	1.0.5	/usr/local/lib/R/site-library	4.3.3
rtracklayer	1.62.0	/usr/local/lib/R/site-library	4.3.3
Rtsne	0.17	/usr/local/lib/R/site-library	4.3.3
ruv	0.9.7.1	/usr/local/lib/R/site-library	4.3.3
rversions	3.0.0	/usr/local/lib/R/site-library	4.3.3
rvest	1.0.5	/usr/local/lib/R/site-library	4.3.3
s2	1.1.9	/usr/local/lib/R/site-library	4.3.3
S4Arrays	1.2.1	/usr/local/lib/R/site-library	4.3.3
S4Vectors	0.40.2	/usr/local/lib/R/site-library	4.3.3
S7	0.2.1	/usr/local/lib/R/site-library	4.3.3
sandwich	3.1-1	/usr/local/lib/R/site-library	4.3.3
sass	0.4.10	/usr/local/lib/R/site-library	4.3.3
ScaledMatrix	1.10.0	/usr/local/lib/R/site-library	4.3.3
scales	1.4.0	/usr/local/lib/R/site-library	4.3.3
scater	1.30.1	/usr/local/lib/R/site-library	4.3.3
scattermore	1.2	/usr/local/lib/R/site-library	4.3.3
scatterpie	0.2.6	/usr/local/lib/R/site-library	4.3.3
scatterplot3d	0.3-45	/usr/local/lib/R/site-library	4.3.3
SCopeLoomR	0.13.0	/usr/local/lib/R/site-library	4.3.3
scran	1.30.2	/usr/local/lib/R/site-library	4.3.3
scrime	1.3.7	/usr/local/lib/R/site-library	4.3.3
sctransform	0.4.3	/usr/local/lib/R/site-library	4.3.3
scuttle	1.12.0	/usr/local/lib/R/site-library	4.3.3
see	0.13.0	/usr/local/lib/R/site-library	4.3.3
segmented	2.2-1	/usr/local/lib/R/site-library	4.3.3
selectr	0.5-1	/usr/local/lib/R/site-library	4.3.3
sesame	1.20.0	/usr/local/lib/R/site-library	4.3.3
sesameData	1.20.0	/usr/local/lib/R/site-library	4.3.3
sessioninfo	1.2.3	/usr/local/lib/R/site-library	4.3.3
Seurat	5.4.0	/usr/local/lib/R/site-library	4.3.3
SeuratObject	5.4.0	/usr/local/lib/R/site-library	4.3.3
SeuratWrappers	0.4.0	/usr/local/lib/R/site-library	4.3.3
sf	1.1-0	/usr/local/lib/R/site-library	4.3.3
shadowtext	0.1.6	/usr/local/lib/R/site-library	4.3.3
shape	1.4.6.1	/usr/local/lib/R/site-library	4.3.3
shiny	1.13.0	/usr/local/lib/R/site-library	4.3.3
shinythemes	1.2.0	/usr/local/lib/R/site-library	4.3.3
siggenes	1.76.0	/usr/local/lib/R/site-library	4.3.3
signatureSearch	1.16.0	/usr/local/lib/R/site-library	4.3.3
signatureSearchData	1.16.0	/usr/local/lib/R/site-library	4.3.3
SingleCellExperiment	1.24.0	/usr/local/lib/R/site-library	4.3.3
SingleR	2.4.1	/usr/local/lib/R/site-library	4.3.3
singscore	1.22.0	/usr/local/lib/R/site-library	4.3.3
sitmo	2.0.2	/usr/local/lib/R/site-library	4.3.3
slam	0.1-55	/usr/local/lib/R/site-library	4.3.3
slider	0.3.3	/usr/local/lib/R/site-library	4.3.3
slingshot	2.7.0	/usr/local/lib/R/site-library	4.3.3
smoof	1.7.0	/usr/local/lib/R/site-library	4.3.3
sna	2.8	/usr/local/lib/R/site-library	4.3.3
SNFtool	2.3.1	/usr/local/lib/R/site-library	4.3.3
snow	0.4-4	/usr/local/lib/R/site-library	4.3.3
sourcetools	0.1.7-2	/usr/local/lib/R/site-library	4.3.3
sp	2.2-1	/usr/local/lib/R/site-library	4.3.3
spacexr	2.2.1	/usr/local/lib/R/site-library	4.3.3
spam	2.11-3	/usr/local/lib/R/site-library	4.3.3
sparcl	1.0.4	/usr/local/lib/R/site-library	4.3.3
SparseArray	1.2.4	/usr/local/lib/R/site-library	4.3.3
SparseM	1.84-2	/usr/local/lib/R/site-library	4.3.3
sparseMatrixStats	1.14.0	/usr/local/lib/R/site-library	4.3.3
sparsevctrs	0.3.6	/usr/local/lib/R/site-library	4.3.3
spatstat.data	3.1-9	/usr/local/lib/R/site-library	4.3.3
spatstat.explore	3.8-0	/usr/local/lib/R/site-library	4.3.3
spatstat.geom	3.7-3	/usr/local/lib/R/site-library	4.3.3
spatstat.random	3.4-5	/usr/local/lib/R/site-library	4.3.3
spatstat.sparse	3.1-0	/usr/local/lib/R/site-library	4.3.3
spatstat.univar	3.1-7	/usr/local/lib/R/site-library	4.3.3
spatstat.utils	3.2-2	/usr/local/lib/R/site-library	4.3.3
spData	2.3.4	/usr/local/lib/R/site-library	4.3.3
spdep	1.4-2	/usr/local/lib/R/site-library	4.3.3
speedglm	0.3-5	/usr/local/lib/R/site-library	4.3.3
sqldf	0.4-12	/usr/local/lib/R/site-library	4.3.3
SQUAREM	2026.1	/usr/local/lib/R/site-library	4.3.3
statmod	1.5.1	/usr/local/lib/R/site-library	4.3.3
statnet.common	4.13.0	/usr/local/lib/R/site-library	4.3.3
STRINGdb	2.14.3	/usr/local/lib/R/site-library	4.3.3
stringi	1.8.7	/usr/local/lib/R/site-library	4.3.3
stringr	1.6.0	/usr/local/lib/R/site-library	4.3.3
SummarizedExperiment	1.32.0	/usr/local/lib/R/site-library	4.3.3
survey	4.5	/usr/local/lib/R/site-library	4.3.3
survminer	0.5.2	/usr/local/lib/R/site-library	4.3.3
susieR	0.14.2	/usr/local/lib/R/site-library	4.3.3
sva	3.50.0	/usr/local/lib/R/site-library	4.3.3
svd	0.5.8	/usr/local/lib/R/site-library	4.3.3
svglite	2.2.2	/usr/local/lib/R/site-library	4.3.3
sys	3.4.3	/usr/local/lib/R/site-library	4.3.3
systemfonts	1.3.2	/usr/local/lib/R/site-library	4.3.3
tableone	0.13.2	/usr/local/lib/R/site-library	4.3.3
TCGAbiolinks	2.30.4	/usr/local/lib/R/site-library	4.3.3
TCGAbiolinksGUI.data	1.22.0	/usr/local/lib/R/site-library	4.3.3
tensor	1.5.1	/usr/local/lib/R/site-library	4.3.3
testit	0.17	/usr/local/lib/R/site-library	4.3.3
testthat	3.3.2	/usr/local/lib/R/site-library	4.3.3
textshaping	1.0.5	/usr/local/lib/R/site-library	4.3.3
TH.data	1.1-5	/usr/local/lib/R/site-library	4.3.3
tibble	3.3.1	/usr/local/lib/R/site-library	4.3.3
tidydr	0.0.6	/usr/local/lib/R/site-library	4.3.3
tidyestimate	1.1.1	/usr/local/lib/R/site-library	4.3.3
tidygraph	1.3.1	/usr/local/lib/R/site-library	4.3.3
tidyr	1.3.2	/usr/local/lib/R/site-library	4.3.3
tidyselect	1.2.1	/usr/local/lib/R/site-library	4.3.3
tidytree	0.4.7	/usr/local/lib/R/site-library	4.3.3
tidyverse	2.0.0	/usr/local/lib/R/site-library	4.3.3
timechange	0.4.0	/usr/local/lib/R/site-library	4.3.3
timeDate	4052.112	/usr/local/lib/R/site-library	4.3.3
timereg	2.0.7	/usr/local/lib/R/site-library	4.3.3
tinytex	0.59	/usr/local/lib/R/site-library	4.3.3
TrajectoryUtils	1.8.0	/usr/local/lib/R/site-library	4.3.3
treeio	1.35.0	/usr/local/lib/R/site-library	4.3.3
TTR	0.24.4	/usr/local/lib/R/site-library	4.3.3
tweenr	2.0.3	/usr/local/lib/R/site-library	4.3.3
TwoSampleMR	0.7.4	/usr/local/lib/R/site-library	4.3.3
TxDb.Hsapiens.UCSC.hg19.knownGene	3.2.2	/usr/local/lib/R/site-library	4.3.3
TxDb.Hsapiens.UCSC.hg38.knownGene	3.18.0	/usr/local/lib/R/site-library	4.3.3
tzdb	0.5.0	/usr/local/lib/R/site-library	4.3.3
UCell	2.6.2	/usr/local/lib/R/site-library	4.3.3
units	1.0-1	/usr/local/lib/R/site-library	4.3.3
urca	1.3-4	/usr/local/lib/R/site-library	4.3.3
urlchecker	1.0.1	/usr/local/lib/R/site-library	4.3.3
usethis	3.2.1	/usr/local/lib/R/site-library	4.3.3
utf8	1.2.6	/usr/local/lib/R/site-library	4.3.3
uuid	1.2-2	/usr/local/lib/R/site-library	4.3.3
uwot	0.2.4	/usr/local/lib/R/site-library	4.3.3
V8	8.1.0	/usr/local/lib/R/site-library	4.3.3
VariantAnnotation	1.48.1	/usr/local/lib/R/site-library	4.3.3
vctrs	0.7.3	/usr/local/lib/R/site-library	4.3.3
vegan	2.7-3	/usr/local/lib/R/site-library	4.3.3
venn	1.13	/usr/local/lib/R/site-library	4.3.3
vipor	0.4.7	/usr/local/lib/R/site-library	4.3.3
viridis	0.6.5	/usr/local/lib/R/site-library	4.3.3
viridisLite	0.4.3	/usr/local/lib/R/site-library	4.3.3
visNetwork	2.1.4	/usr/local/lib/R/site-library	4.3.3
vroom	1.7.1	/usr/local/lib/R/site-library	4.3.3
waldo	0.6.2	/usr/local/lib/R/site-library	4.3.3
warp	0.2.3	/usr/local/lib/R/site-library	4.3.3
wateRmelon	2.8.0	/usr/local/lib/R/site-library	4.3.3
webfakes	1.4.1	/usr/local/lib/R/site-library	4.3.3
webshot2	0.1.2	/usr/local/lib/R/site-library	4.3.3
websocket	1.4.4	/usr/local/lib/R/site-library	4.3.3
WGCNA	1.74	/usr/local/lib/R/site-library	4.3.3
wheatmap	0.2.0	/usr/local/lib/R/site-library	4.3.3
whisker	0.4.1	/usr/local/lib/R/site-library	4.3.3
withr	3.0.2	/usr/local/lib/R/site-library	4.3.3
wk	0.9.5	/usr/local/lib/R/site-library	4.3.3
xCell	1.1.0	/usr/local/lib/R/site-library	4.3.3
xfun	0.57	/usr/local/lib/R/site-library	4.3.3
xgboost	3.2.1.1	/usr/local/lib/R/site-library	4.3.3
XML	3.99-0.23	/usr/local/lib/R/site-library	4.3.3
xml2	1.5.2	/usr/local/lib/R/site-library	4.3.3
xopen	1.0.1	/usr/local/lib/R/site-library	4.3.3
xtable	1.8-8	/usr/local/lib/R/site-library	4.3.3
xts	0.14.2	/usr/local/lib/R/site-library	4.3.3
XVector	0.42.0	/usr/local/lib/R/site-library	4.3.3
yaml	2.3.12	/usr/local/lib/R/site-library	4.3.3
yulab.utils	0.2.4	/usr/local/lib/R/site-library	4.3.3
zigg	0.0.2	/usr/local/lib/R/site-library	4.3.3
zip	2.3.3	/usr/local/lib/R/site-library	4.3.3
zlibbioc	1.48.2	/usr/local/lib/R/site-library	4.3.3
zoo	1.8-15	/usr/local/lib/R/site-library	4.3.3
base	4.3.3	/usr/lib/R/library	4.3.3
boot	1.3-32	/usr/lib/R/library	4.3.3
class	7.3-23	/usr/lib/R/library	4.3.3
cluster	2.1.8.2	/usr/lib/R/library	4.3.3
codetools	0.2-20	/usr/lib/R/library	4.3.3
compiler	4.3.3	/usr/lib/R/library	4.3.3
datasets	4.3.3	/usr/lib/R/library	4.3.3
foreign	0.8-91	/usr/lib/R/library	4.3.3
graphics	4.3.3	/usr/lib/R/library	4.3.3
grDevices	4.3.3	/usr/lib/R/library	4.3.3
grid	4.3.3	/usr/lib/R/library	4.3.3
KernSmooth	2.23-26	/usr/lib/R/library	4.3.3
lattice	0.22-9	/usr/lib/R/library	4.3.3
MASS	7.3-60.0.1	/usr/lib/R/library	4.3.2
Matrix	1.6-5	/usr/lib/R/library	4.3.2
methods	4.3.3	/usr/lib/R/library	4.3.3
mgcv	1.9-1	/usr/lib/R/library	4.3.2
nlme	3.1-169	/usr/lib/R/library	4.3.3
nnet	7.3-20	/usr/lib/R/library	4.3.3
parallel	4.3.3	/usr/lib/R/library	4.3.3
rpart	4.1.27	/usr/lib/R/library	4.3.3
spatial	7.3-18	/usr/lib/R/library	4.3.3
splines	4.3.3	/usr/lib/R/library	4.3.3
stats	4.3.3	/usr/lib/R/library	4.3.3
stats4	4.3.3	/usr/lib/R/library	4.3.3
survival	3.8-6	/usr/lib/R/library	4.3.3
tcltk	4.3.3	/usr/lib/R/library	4.3.3
tools	4.3.3	/usr/lib/R/library	4.3.3
utils	4.3.3	/usr/lib/R/library	4.3.3
