Package	Version	LibPath
AnnotationDbi	1.64.1	/root/projects/UC_Treatment_Recovery/renv/library/R-4.3/x86_64-pc-linux-gnu
askpass	1.2.1	/root/projects/UC_Treatment_Recovery/renv/library/R-4.3/x86_64-pc-linux-gnu
Biobase	2.62.0	/root/projects/UC_Treatment_Recovery/renv/library/R-4.3/x86_64-pc-linux-gnu
BiocGenerics	0.48.1	/root/projects/UC_Treatment_Recovery/renv/library/R-4.3/x86_64-pc-linux-gnu
BiocManager	1.30.27	/root/projects/UC_Treatment_Recovery/renv/library/R-4.3/x86_64-pc-linux-gnu
BiocVersion	3.18.1	/root/projects/UC_Treatment_Recovery/renv/library/R-4.3/x86_64-pc-linux-gnu
Biostrings	2.70.3	/root/projects/UC_Treatment_Recovery/renv/library/R-4.3/x86_64-pc-linux-gnu
bit	4.6.0	/root/projects/UC_Treatment_Recovery/renv/library/R-4.3/x86_64-pc-linux-gnu
bit64	4.6.0-1	/root/projects/UC_Treatment_Recovery/renv/library/R-4.3/x86_64-pc-linux-gnu
bitops	1.0-9	/root/projects/UC_Treatment_Recovery/renv/library/R-4.3/x86_64-pc-linux-gnu
blob	1.3.0	/root/projects/UC_Treatment_Recovery/renv/library/R-4.3/x86_64-pc-linux-gnu
cachem	1.1.0	/root/projects/UC_Treatment_Recovery/renv/library/R-4.3/x86_64-pc-linux-gnu
cli	3.6.6	/root/projects/UC_Treatment_Recovery/renv/library/R-4.3/x86_64-pc-linux-gnu
cpp11	0.5.4	/root/projects/UC_Treatment_Recovery/renv/library/R-4.3/x86_64-pc-linux-gnu
crayon	1.5.3	/root/projects/UC_Treatment_Recovery/renv/library/R-4.3/x86_64-pc-linux-gnu
curl	7.0.0	/root/projects/UC_Treatment_Recovery/renv/library/R-4.3/x86_64-pc-linux-gnu
data.table	1.18.2.1	/root/projects/UC_Treatment_Recovery/renv/library/R-4.3/x86_64-pc-linux-gnu
DBI	1.3.0	/root/projects/UC_Treatment_Recovery/renv/library/R-4.3/x86_64-pc-linux-gnu
farver	2.1.2	/root/projects/UC_Treatment_Recovery/renv/library/R-4.3/x86_64-pc-linux-gnu
fastmap	1.2.0	/root/projects/UC_Treatment_Recovery/renv/library/R-4.3/x86_64-pc-linux-gnu
GenomeInfoDb	1.38.8	/root/projects/UC_Treatment_Recovery/renv/library/R-4.3/x86_64-pc-linux-gnu
GenomeInfoDbData	1.2.11	/root/projects/UC_Treatment_Recovery/renv/library/R-4.3/x86_64-pc-linux-gnu
ggplot2	4.0.2	/root/projects/UC_Treatment_Recovery/renv/library/R-4.3/x86_64-pc-linux-gnu
glue	1.8.0	/root/projects/UC_Treatment_Recovery/renv/library/R-4.3/x86_64-pc-linux-gnu
GO.db	3.18.0	/root/projects/UC_Treatment_Recovery/renv/library/R-4.3/x86_64-pc-linux-gnu
gtable	0.3.6	/root/projects/UC_Treatment_Recovery/renv/library/R-4.3/x86_64-pc-linux-gnu
httr	1.4.8	/root/projects/UC_Treatment_Recovery/renv/library/R-4.3/x86_64-pc-linux-gnu
IRanges	2.36.0	/root/projects/UC_Treatment_Recovery/renv/library/R-4.3/x86_64-pc-linux-gnu
isoband	0.3.0	/root/projects/UC_Treatment_Recovery/renv/library/R-4.3/x86_64-pc-linux-gnu
jsonlite	2.0.0	/root/projects/UC_Treatment_Recovery/renv/library/R-4.3/x86_64-pc-linux-gnu
KEGGREST	1.42.0	/root/projects/UC_Treatment_Recovery/renv/library/R-4.3/x86_64-pc-linux-gnu
labeling	0.4.3	/root/projects/UC_Treatment_Recovery/renv/library/R-4.3/x86_64-pc-linux-gnu
lifecycle	1.0.5	/root/projects/UC_Treatment_Recovery/renv/library/R-4.3/x86_64-pc-linux-gnu
limma	3.58.1	/root/projects/UC_Treatment_Recovery/renv/library/R-4.3/x86_64-pc-linux-gnu
matrixStats	1.5.0	/root/projects/UC_Treatment_Recovery/renv/library/R-4.3/x86_64-pc-linux-gnu
memoise	2.0.1	/root/projects/UC_Treatment_Recovery/renv/library/R-4.3/x86_64-pc-linux-gnu
mime	0.13	/root/projects/UC_Treatment_Recovery/renv/library/R-4.3/x86_64-pc-linux-gnu
openssl	2.3.5	/root/projects/UC_Treatment_Recovery/renv/library/R-4.3/x86_64-pc-linux-gnu
org.Hs.eg.db	3.18.0	/root/projects/UC_Treatment_Recovery/renv/library/R-4.3/x86_64-pc-linux-gnu
pkgconfig	2.0.3	/root/projects/UC_Treatment_Recovery/renv/library/R-4.3/x86_64-pc-linux-gnu
png	0.1-9	/root/projects/UC_Treatment_Recovery/renv/library/R-4.3/x86_64-pc-linux-gnu
R6	2.6.1	/root/projects/UC_Treatment_Recovery/renv/library/R-4.3/x86_64-pc-linux-gnu
RColorBrewer	1.1-3	/root/projects/UC_Treatment_Recovery/renv/library/R-4.3/x86_64-pc-linux-gnu
RCurl	1.98-1.18	/root/projects/UC_Treatment_Recovery/renv/library/R-4.3/x86_64-pc-linux-gnu
renv	1.2.1	/root/projects/UC_Treatment_Recovery/renv/library/R-4.3/x86_64-pc-linux-gnu
rlang	1.2.0	/root/projects/UC_Treatment_Recovery/renv/library/R-4.3/x86_64-pc-linux-gnu
RSQLite	2.4.6	/root/projects/UC_Treatment_Recovery/renv/library/R-4.3/x86_64-pc-linux-gnu
S4Vectors	0.40.2	/root/projects/UC_Treatment_Recovery/renv/library/R-4.3/x86_64-pc-linux-gnu
S7	0.2.1	/root/projects/UC_Treatment_Recovery/renv/library/R-4.3/x86_64-pc-linux-gnu
scales	1.4.0	/root/projects/UC_Treatment_Recovery/renv/library/R-4.3/x86_64-pc-linux-gnu
statmod	1.5.1	/root/projects/UC_Treatment_Recovery/renv/library/R-4.3/x86_64-pc-linux-gnu
sys	3.4.3	/root/projects/UC_Treatment_Recovery/renv/library/R-4.3/x86_64-pc-linux-gnu
vctrs	0.7.3	/root/projects/UC_Treatment_Recovery/renv/library/R-4.3/x86_64-pc-linux-gnu
viridisLite	0.4.3	/root/projects/UC_Treatment_Recovery/renv/library/R-4.3/x86_64-pc-linux-gnu
withr	3.0.2	/root/projects/UC_Treatment_Recovery/renv/library/R-4.3/x86_64-pc-linux-gnu
XVector	0.42.0	/root/projects/UC_Treatment_Recovery/renv/library/R-4.3/x86_64-pc-linux-gnu
zlibbioc	1.48.2	/root/projects/UC_Treatment_Recovery/renv/library/R-4.3/x86_64-pc-linux-gnu
base	4.3.3	/root/.cache/R/renv/sandbox/R-4.3/x86_64-pc-linux-gnu/9a444a72
boot	1.3-32	/root/.cache/R/renv/sandbox/R-4.3/x86_64-pc-linux-gnu/9a444a72
class	7.3-23	/root/.cache/R/renv/sandbox/R-4.3/x86_64-pc-linux-gnu/9a444a72
cluster	2.1.8.2	/root/.cache/R/renv/sandbox/R-4.3/x86_64-pc-linux-gnu/9a444a72
codetools	0.2-20	/root/.cache/R/renv/sandbox/R-4.3/x86_64-pc-linux-gnu/9a444a72
compiler	4.3.3	/root/.cache/R/renv/sandbox/R-4.3/x86_64-pc-linux-gnu/9a444a72
datasets	4.3.3	/root/.cache/R/renv/sandbox/R-4.3/x86_64-pc-linux-gnu/9a444a72
foreign	0.8-91	/root/.cache/R/renv/sandbox/R-4.3/x86_64-pc-linux-gnu/9a444a72
graphics	4.3.3	/root/.cache/R/renv/sandbox/R-4.3/x86_64-pc-linux-gnu/9a444a72
grDevices	4.3.3	/root/.cache/R/renv/sandbox/R-4.3/x86_64-pc-linux-gnu/9a444a72
grid	4.3.3	/root/.cache/R/renv/sandbox/R-4.3/x86_64-pc-linux-gnu/9a444a72
KernSmooth	2.23-26	/root/.cache/R/renv/sandbox/R-4.3/x86_64-pc-linux-gnu/9a444a72
lattice	0.22-9	/root/.cache/R/renv/sandbox/R-4.3/x86_64-pc-linux-gnu/9a444a72
MASS	7.3-60.0.1	/root/.cache/R/renv/sandbox/R-4.3/x86_64-pc-linux-gnu/9a444a72
Matrix	1.6-5	/root/.cache/R/renv/sandbox/R-4.3/x86_64-pc-linux-gnu/9a444a72
methods	4.3.3	/root/.cache/R/renv/sandbox/R-4.3/x86_64-pc-linux-gnu/9a444a72
mgcv	1.9-1	/root/.cache/R/renv/sandbox/R-4.3/x86_64-pc-linux-gnu/9a444a72
nlme	3.1-169	/root/.cache/R/renv/sandbox/R-4.3/x86_64-pc-linux-gnu/9a444a72
nnet	7.3-20	/root/.cache/R/renv/sandbox/R-4.3/x86_64-pc-linux-gnu/9a444a72
parallel	4.3.3	/root/.cache/R/renv/sandbox/R-4.3/x86_64-pc-linux-gnu/9a444a72
rpart	4.1.27	/root/.cache/R/renv/sandbox/R-4.3/x86_64-pc-linux-gnu/9a444a72
spatial	7.3-18	/root/.cache/R/renv/sandbox/R-4.3/x86_64-pc-linux-gnu/9a444a72
splines	4.3.3	/root/.cache/R/renv/sandbox/R-4.3/x86_64-pc-linux-gnu/9a444a72
stats	4.3.3	/root/.cache/R/renv/sandbox/R-4.3/x86_64-pc-linux-gnu/9a444a72
stats4	4.3.3	/root/.cache/R/renv/sandbox/R-4.3/x86_64-pc-linux-gnu/9a444a72
survival	3.8-6	/root/.cache/R/renv/sandbox/R-4.3/x86_64-pc-linux-gnu/9a444a72
tcltk	4.3.3	/root/.cache/R/renv/sandbox/R-4.3/x86_64-pc-linux-gnu/9a444a72
tools	4.3.3	/root/.cache/R/renv/sandbox/R-4.3/x86_64-pc-linux-gnu/9a444a72
utils	4.3.3	/root/.cache/R/renv/sandbox/R-4.3/x86_64-pc-linux-gnu/9a444a72
