program1	program2	n_shared	shared
CT_MARKERS_EXCLUDING_CANDIDATE6	CT_MARKERS_EXCLUDING_CANDIDATE6	16	ATP1B3;CEACAM7;FABP1;FTH1;FXYD3;IFI27;MYL12B;MYL6;NEAT1;PHGR1;PKIB;PLAC8;PRDX6;SLC51B;TMIGD1;TMSB4X
CT_MARKERS_EXCLUDING_CANDIDATE6	GOBP_INTESTINAL_ABSORPTION	0	
CT_MARKERS_EXCLUDING_CANDIDATE6	GOBP_BRUSH_BORDER_ASSEMBLY	1	TMIGD1
CT_MARKERS_EXCLUDING_CANDIDATE6	HALLMARK_E2F_TARGETS	0	
CT_MARKERS_EXCLUDING_CANDIDATE6	COMMON194_INFLAMMATION	0	
CT_MARKERS_EXCLUDING_CANDIDATE6	CANDIDATE6	0	
GOBP_INTESTINAL_ABSORPTION	CT_MARKERS_EXCLUDING_CANDIDATE6	0	
GOBP_INTESTINAL_ABSORPTION	GOBP_INTESTINAL_ABSORPTION	44	ABCG5;ABCG8;ACO1;ADRA2A;AKR1C1;APOA1;APOA2;APOA4;CD36;CEL;CLDN15;CLDN2;CYP8B1;ENPP7;EPB41;EZR;F11R;FABP2;FOLH1;GCNT3;HAMP;HEPH;IREB2;KCNQ1;LDLR;LEP;LIMA1;LPCAT3;MOGAT2;NPC1;NPC1L1;PLS1;PNLIP;PRAP1;SCARB1;SLC26A6;SLC2A5;SLC46A1;SLC5A1;SOAT2;TJP2;UGCG;VDR;VIL1
GOBP_INTESTINAL_ABSORPTION	GOBP_BRUSH_BORDER_ASSEMBLY	0	
GOBP_INTESTINAL_ABSORPTION	HALLMARK_E2F_TARGETS	0	
GOBP_INTESTINAL_ABSORPTION	COMMON194_INFLAMMATION	1	LDLR
GOBP_INTESTINAL_ABSORPTION	CANDIDATE6	0	
GOBP_BRUSH_BORDER_ASSEMBLY	CT_MARKERS_EXCLUDING_CANDIDATE6	1	TMIGD1
GOBP_BRUSH_BORDER_ASSEMBLY	GOBP_INTESTINAL_ABSORPTION	0	
GOBP_BRUSH_BORDER_ASSEMBLY	GOBP_BRUSH_BORDER_ASSEMBLY	7	ANKS4B;CALML4;CDHR2;CDHR5;MYO7B;TMIGD1;USH1C
GOBP_BRUSH_BORDER_ASSEMBLY	HALLMARK_E2F_TARGETS	0	
GOBP_BRUSH_BORDER_ASSEMBLY	COMMON194_INFLAMMATION	0	
GOBP_BRUSH_BORDER_ASSEMBLY	CANDIDATE6	0	
HALLMARK_E2F_TARGETS	CT_MARKERS_EXCLUDING_CANDIDATE6	0	
HALLMARK_E2F_TARGETS	GOBP_INTESTINAL_ABSORPTION	0	
HALLMARK_E2F_TARGETS	GOBP_BRUSH_BORDER_ASSEMBLY	0	
HALLMARK_E2F_TARGETS	HALLMARK_E2F_TARGETS	200	AK2;ANP32E;ASF1A;ASF1B;ATAD2;AURKA;AURKB;BARD1;BIRC5;BRCA1;BRCA2;BRMS1L;BUB1B;CBX5;CCNB2;CCNE1;CCP110;CDC20;CDC25A;CDC25B;CDCA3;CDCA8;CDK1;CDK4;CDKN1A;CDKN1B;CDKN2A;CDKN2C;CDKN3;CENPE;CENPM;CHEK1;CHEK2;CIT;CKS1B;CKS2;CNOT9;CSE1L;CTCF;CTPS1;DCK;DCLRE1B;DCTPP1;DDX39A;DEK;DEPDC1;DIAPH3;DLGAP5;DNMT1;DONSON;DSCC1;DUT;E2F8;EED;EIF2S1;ESPL1;EXOSC8;EZH2;FASTKD4;GINS1;GINS3;GINS4;GSPT1;H2AX;H2AZ1;HELLS;HMGA1;HMGB2;HMGB3;HMMR;HNRNPD;HUS1;ILF3;ING3;IPO7;JPT1;KIF18B;KIF22;KIF2C;KIF4A;KPNA2;LBR;LIG1;LMNB1;LUC7L3;LYAR;MAD2L1;MCM2;MCM3;MCM4;MCM5;MCM6;MCM7;MELK;MKI67;MLH1;MMS22L;MRE11;MSH2;MTHFD2;MXD3;MYBL2;MYC;NAA38;NAP1L1;NASP;NBN;NCAPD2;NME1;NOLC1;NOP56;NUDT21;NUP107;NUP153;NUP205;ORC2;ORC6;PA2G4;PAICS;PAN2;PCNA;PDS5B;PHF5A;PLK1;PLK4;PMS2;PNN;POLA2;POLD1;POLD2;POLD3;POLE;POLE4;POP7;PPM1D;PPP1R8;PRDX4;PRIM2;PRKDC;PRPS1;PSIP1;PSMC3IP;PTTG1;RACGAP1;RAD1;RAD21;RAD50;RAD51AP1;RAD51C;RAN;RANBP1;RBBP7;RFC1;RFC2;RFC3;RNASEH2A;RPA1;RPA2;RPA3;RRM2;SHMT1;SLBP;SMC1A;SMC3;SMC4;SMC6;SNRPB;SPAG5;SPC24;SPC25;SRSF1;SRSF2;SSRP1;STAG1;STMN1;SUV39H1;SYNCRIP;TACC3;TCF19;TFRC;TIMELESS;TIPIN;TK1;TMPO;TOP2A;TP53;TRA2B;TRIP13;TUBB;TUBG1;UBE2S;UBE2T;UBR7;UNG;USP1;WDR90;WEE1;XPO1;XRCC6;ZW10
HALLMARK_E2F_TARGETS	COMMON194_INFLAMMATION	2	CDKN1A;MYC
HALLMARK_E2F_TARGETS	CANDIDATE6	0	
COMMON194_INFLAMMATION	CT_MARKERS_EXCLUDING_CANDIDATE6	0	
COMMON194_INFLAMMATION	GOBP_INTESTINAL_ABSORPTION	1	LDLR
COMMON194_INFLAMMATION	GOBP_BRUSH_BORDER_ASSEMBLY	0	
COMMON194_INFLAMMATION	HALLMARK_E2F_TARGETS	2	CDKN1A;MYC
COMMON194_INFLAMMATION	COMMON194_INFLAMMATION	194	ABCA1;ABI1;ACVR1B;ACVR2A;ADGRE1;ADM;ADORA2B;ADRM1;AHR;APLNR;AQP9;ATP2A2;ATP2B1;ATP2C1;AXL;BDKRB1;BEST1;BST2;BTG2;C3AR1;C5AR1;CALCRL;CCL17;CCL20;CCL22;CCL24;CCL5;CCL7;CCR7;CD14;CD40;CD48;CD55;CD69;CD70;CD82;CDKN1A;CHST2;CLEC5A;CMKLR1;CSF1;CSF3;CSF3R;CX3CL1;CXCL10;CXCL11;CXCL6;CXCL8;CXCL9;CXCR6;CYBB;DCBLD2;EBI3;EDN1;EIF2AK2;EMP3;EREG;F3;FFAR2;FPR1;FZD5;GABBR1;GCH1;GNA15;GNAI3;GP1BA;GPC3;GPR132;GPR183;HAS2;HBEGF;HIF1A;HPN;HRH1;ICAM1;ICAM4;ICOSLG;IFITM1;IFNAR1;IFNGR2;IL10;IL10RA;IL12B;IL15;IL15RA;IL18;IL18RAP;IL1A;IL1B;IL1R1;IL2RB;IL4R;IL6;IL7R;IRAK2;IRF1;IRF7;ITGA5;ITGB3;ITGB8;KCNA3;KCNJ2;KCNMB2;KIF1B;KLF6;LAMP3;LCK;LCP2;LDLR;LIF;LPAR1;LTA;LY6E;LYN;MARCO;MEFV;MEP1A;MET;MMP14;MSR1;MXD1;MYC;NAMPT;NDP;NFKB1;NFKBIA;NLRP3;NMI;NMUR1;NOD2;NPFFR2;OLR1;OPRK1;OSM;OSMR;P2RX4;P2RX7;P2RY2;PCDH7;PDE4B;PDPN;PIK3R5;PLAUR;PROK2;PSEN1;PTAFR;PTGER2;PTGER4;PTGIR;PTPRE;PVR;RASGRP1;RELA;RGS1;RGS16;RHOG;RIPK2;RNF144B;RTP4;SCARF1;SCN1B;SELE;SELENOS;SELL;SEMA4D;SERPINE1;SGMS2;SLAMF1;SLC11A2;SLC1A2;SLC28A2;SLC31A1;SLC31A2;SLC4A4;SLC7A1;SLC7A2;SPHK1;SRI;STAB1;TACR1;TACR3;TAPBP;TIMP1;TLR1;TLR2;TLR3;TNFAIP6;TNFRSF1B;TNFRSF9;TNFSF10;TNFSF15;TNFSF9;TPBG;VIP
COMMON194_INFLAMMATION	CANDIDATE6	0	
CANDIDATE6	CT_MARKERS_EXCLUDING_CANDIDATE6	0	
CANDIDATE6	GOBP_INTESTINAL_ABSORPTION	0	
CANDIDATE6	GOBP_BRUSH_BORDER_ASSEMBLY	0	
CANDIDATE6	HALLMARK_E2F_TARGETS	0	
CANDIDATE6	COMMON194_INFLAMMATION	0	
CANDIDATE6	CANDIDATE6	6	AQP8;CA2;GUCA2A;HMGCS2;MS4A12;SLC26A3
