feature_row	original_symbol	canonical_symbol
183	TNFRSF9	TNFRSF9
198	SLC2A5	SLC2A5
217	KIF1B	KIF1B
263	TNFRSF1B	TNFRSF1B
302	PDPN	PDPN
532	STMN1	STMN1
587	PPP1R8	PPP1R8
589	RPA2	RPA2
594	PTAFR	PTAFR
613	EPB41	EPB41
668	LCK	LCK
690	AK2	AK2
748	CSF3R	CSF3R
763	CDCA8	CDCA8
830	CTPS1	CTPS1
842	GUCA2A	GUCA2A
872	CDC20	CDC20
901	KIF2C	KIF2C
922	NASP	NASP
989	CDKN2C	CDKN2C
1125	USP1	USP1
1157	PDE4B	PDE4B
1178	DEPDC1	DEPDC1
1374	F3	F3
1491	GNAI3	GNAI3
1506	CSF1	CSF1
1530	KCNA3	KCNA3
1585	DCLRE1B	DCLRE1B
1646	HMGCS2	HMGCS2
1766	ANP32E	ANP32E
1954	CKS1B	CKS1B
2131	SLAMF1	SLAMF1
2133	CD48	CD48
2141	F11R	F11R
2160	APOA2	APOA2
2263	SELL	SELL
2264	SELE	SELE
2301	PRDX6	PRDX6
2392	RGS16	RGS16
2456	RGS1	RGS1
2540	UBE2T	UBE2T
2563	BTG2	BTG2
2630	IL10	IL10
2645	CD55	CD55
2806	LBR	LBR
3046	NLRP3	NLRP3
3218	RRM2	RRM2
3220	C2orf48	RRM2
3283	SMC6	SMC6
3489	EIF2AK2	EIF2AK2
3552	ABCG5	ABCG5
3553	ABCG8	ABCG8
3596	MSH2	MSH2
3676	XPO1	XPO1
3761	MXD1	MXD1
3826	MTHFD2	MTHFD2
3859	POLE4	POLE4
3860	TACR1	TACR1
3945	FABP1	FABP1
4150	IL1R1	IL1R1
4154	IL18RAP	IL18RAP
4266	IL1A	IL1A
4267	IL1B	IL1B
4310	MARCO	MARCO
4363	MYO7B	MYO7B
4438	MCM6	MCM6
4482	ACVR2A	ACVR2A
4504	NMI	NMI
4505	TNFAIP6	TNFAIP6
4602	SPC25	SPC25
4766	CALCRL	CALCRL
4862	ORC2	ORC2
4937	FZD5	FZD5
4970	BARD1	BARD1
5029	VIL1	VIL1
5031	CNOT9	CNOT9
5146	CCL20	CCL20
5179	NMUR1	NMUR1
5423	IRAK2	IRAK2
5436	HRH1	HRH1
5590	MLH1	MLH1
5662	CYP8B1	CYP8B1
5708	CXCR6	CXCR6
5747	CDC25A	CDC25A
5765	SLC26A6	SLC26A6
5892	STAB1	STAB1
6033	PROK2	PROK2
6119	DCBLD2	DCBLD2
6358	MCM2	MCM2
6406	ATP2C1	ATP2C1
6448	STAG1	STAG1
6505	ATP1B3	ATP1B3
6511	PLS1	PLS1
6521	CHST2	CHST2
6669	SMC4	SMC4
6744	TNFSF10	TNFSF10
6770	KCNMB2	KCNMB2
6818	LAMP3	LAMP3
6872	TRA2B	TRA2B
6901	RTP4	RTP4
6990	TFRC	TFRC
7081	SLBP	SLBP
7084	TACC3	TACC3
7119	LYAR	LYAR
7310	PCDH7	PCDH7
7343	TLR1	TLR1
7351	RFC1	RFC1
7476	PAICS	PAICS
7567	DCK	DCK
7568	SLC4A4	SLC4A4
7571	NPFFR2	NPFFR2
7583	CXCL8	CXCL8
7584	CXCL6	CXCL6
7595	EREG	EREG
7620	CXCL9	CXCL9
7622	CXCL10	CXCL10
7623	CXCL11	CXCL11
7664	HNRNPD	HNRNPD
7676	PLAC8	PLAC8
7784	H2AFZ	H2AZ1
7795	NFKB1	NFKB1
7803	CENPE	CENPE
7807	TACR3	TACR3
7834	SGMS2	SGMS2
7906	FABP2	FABP2
7913	MAD2L1	MAD2L1
7955	PLK4	PLK4
8041	IL15	IL15
8132	TLR2	TLR2
8242	HMGB2	HMGB2
8339	TLR3	TLR3
8397	TRIP13	TRIP13
8623	RAD1	RAD1
8630	IL7R	IL7R
8667	OSMR	OSMR
8677	PTGER4	PTGER4
9282	LMNB1	LMNB1
9326	IRF1	IRF1
9328	RAD50	RAD50
9467	HBEGF	HBEGF
9477	CD14	CD14
9750	IL12B	IL12B
9763	PTTG1	PTTG1
9778	HMMR	HMMR
9814	LCP2	LCP2
9896	CDHR2	CDHR2
9911	MXD3	MXD3
10147	EDN1	EDN1
10185	NUP153	NUP153
10191	DEK	DEK
10192	RNF144B	RNF144B
10373	GABBR1	GABBR1
10410	TUBB	TUBB
10433	TCF19	TCF19
10451	LTA	LTA
10558	TAPBP	TAPBP
10577	HMGA1	HMGA1
10623	CDKN1A	CDKN1A
10786	MEP1A	MEP1A
10824	MCM3	MCM3
10867	PRIM2	PRIM2
10964	TPBG	TPBG
10986	SYNCRIP	SYNCRIP
11041	MMS22L	MMS22L
11197	ASF1A	ASF1A
11204	PKIB	PKIB
11446	VIP	VIP
11485	EZR	EZR
11713	PMS2	PMS2
11740	RPA3	RPA3
11791	AHR	AHR
11816	ITGB8	ITGB8
11827	IL6	IL6
12052	POLD2	POLD2
12058	NPC1L1	NPC1L1
12073	TBRG4	FASTKD4
12092	HUS1	HUS1
12235	RFC2	RFC2
12252	CCL24	CCL24
12287	CD36	CD36
12318	SRI	SRI
12438	MCM7	MCM7
12475	POP7	POP7
12491	SERPINE1	SERPINE1
12498	CLDN15	CLDN15
12559	NAMPT	NAMPT
12577	SLC26A3	SLC26A3
12623	MET	MET
12645	ING3	ING3
12701	LEP	LEP
12790	NUP205	NUP205
12855	CLEC5A	CLEC5A
12998	EZH2	EZH2
13213	TMSB4X	TMSB4X
13251	RBBP7	RBBP7
13292	PRDX4	PRDX4
13348	CYBB	CYBB
13387	NDP	NDP
13419	TIMP1	TIMP1
13447	SUV39H1	SUV39H1
13533	SMC1A	SMC1A
13587	HEPH	HEPH
13611	KIF4A	KIF4A
13808	CLDN2	CLDN2
13814	PRPS1	PRPS1
13962	GPC3	GPC3
14082	HMGB3	HMGB3
14366	MSR1	MSR1
14375	SLC7A2	SLC7A2
14639	GINS4	GINS4
14678	PRKDC	PRKDC
14679	MCM4	MCM4
14712	OPRK1	OPRK1
14730	LYN	LYN
14965	CA2	CA2
14985	RIPK2	RIPK2
14987	NBN	NBN
15189	RAD21	RAD21
15207	DSCC1	DSCC1
15218	HAS2	HAS2
15238	ATAD2	ATAD2
15288	MYC	MYC
15390	LY6E	LY6E
15590	PSIP1	PSIP1
15641	CDKN2A	CDKN2A
15677	ACO1	ACO1
15790	MELK	MELK
15904	TJP2	TJP2
16018	CKS2	CKS2
16020	SEMA4D	SEMA4D
16178	ABCA1	ABCA1
16219	LPAR1	LPAR1
16230	UGCG	UGCG
16245	SLC31A2	SLC31A2
16247	SLC31A1	SLC31A1
16274	TNFSF15	TNFSF15
16536	CEL	CEL
16711	IFITM1	IFITM1
16734	IRF7	IRF7
16735	CDHR5	CDHR5
16810	KCNQ1	KCNQ1
16836	RHOG	RHOG
16998	IPO7	IPO7
17002	WEE1	WEE1
17010	ADM	ADM
17080	USH1C	USH1C
17115	E2F8	E2F8
17233	SLC1A2	SLC1A2
17281	CD82	CD82
17366	FOLH1	FOLH1
17424	APLNR	APLNR
17427	SSRP1	SSRP1
17510	MS4A12	MS4A12
17561	BEST1	BEST1
17562	FTH1	FTH1
17706	POLA2	POLA2
17713	NEAT1	NEAT1
17726	RELA	RELA
17934	P2RY2	P2RY2
17962	POLD3	POLD3
17982	MOGAT2	MOGAT2
18075	EED	EED
18134	MRE11	MRE11
18270	IL18	IL18
18290	ZW10	ZW10
18326	APOA4	APOA4
18328	APOA1	APOA1
18348	IL10RA	IL10RA
18392	H2AFX	H2AX
18497	CHEK1	CHEK1
18631	KLF6	KLF6
18642	AKR1C1	AKR1C1
18667	IL15RA	IL15RA
18831	ABI1	ABI1
19060	CDK1	CDK1
19387	HELLS	HELLS
19509	NOLC1	NOLC1
19580	SMC3	SMC3
19589	ADRA2A	ADRA2A
19622	PNLIP	PNLIP
19735	PTPRE	PTPRE
19737	MKI67	MKI67
19790	PRAP1	PRAP1
19868	RAD51AP1	RAD51AP1
19900	NCAPD2	NCAPD2
19925	CDCA3	CDCA3
19940	LPCAT3	LPCAT3
19964	C3AR1	C3AR1
20004	CD69	CD69
20019	OLR1	OLR1
20078	CDKN1B	CDKN1B
20353	VDR	VDR
20437	RACGAP1	RACGAP1
20444	LIMA1	LIMA1
20455	SLC11A2	SLC11A2
20476	ACVR1B	ACVR1B
20524	SOAT2	SOAT2
20532	ESPL1	ESPL1
20573	CBX5	CBX5
20581	ITGA5	ITGA5
20638	PA2G4	PA2G4
20647	MYL6	MYL6
20660	PAN2	PAN2
20665	TIMELESS	TIMELESS
20716	CDK4	CDK4
20812	NUP107	NUP107
20884	NAP1L1	NAP1L1
20964	ATP2B1	ATP2B1
21042	TMPO	TMPO
21142	CMKLR1	CMKLR1
21157	UNG	UNG
21178	ATP2A2	ATP2A2
21310	CIT	CIT
21349	P2RX7	P2RX7
21351	P2RX4	P2RX4
21432	SCARB1	SCARB1
21491	RAN	RAN
21532	POLE	POLE
21663	SLC7A1	SLC7A1
21694	BRCA2	BRCA2
21697	PDS5B	PDS5B
21706	RFC3	RFC3
21725	EXOSC8	EXOSC8
21905	DIAPH3	DIAPH3
22067	GPR183	GPR183
22445	MMP14	MMP14
22609	NFKBIA	NFKBIA
22614	BRMS1L	BRMS1L
22650	PNN	PNN
22741	PTGER2	PTGER2
22758	CDKN3	CDKN3
22764	GCH1	GCH1
22769	DLGAP5	DLGAP5
22843	HIF1A	HIF1A
22898	EIF2S1	EIF2S1
22963	PSEN1	PSEN1
23191	UBR7	UBR7
23204	IFI27	IFI27
23242	BDKRB1	BDKRB1
23390	GPR132	GPR132
23779	RASGRP1	RASGRP1
23805	BUB1B	BUB1B
23814	PHGR1	PHGR1
23946	SLC28A2	SLC28A2
23976	DUT	DUT
24082	AQP9	AQP9
24093	CCNB2	CCNB2
24098	GCNT3	GCNT3
24173	SLC51B	SLC51B
24196	TIPIN	TIPIN
24221	CALML4	CALML4
24396	IREB2	IREB2
24694	SELENOS	SELENOS
24747	WDR90	WDR90
24926	MEFV	MEFV
25057	GSPT1	GSPT1
25158	CCP110	CCP110
25190	ANKS4B	ANKS4B
25232	PLK1	PLK1
25250	AQP8	AQP8
25265	IL4R	IL4R
25327	KIF22	KIF22
25373	DCTPP1	DCTPP1
25513	ORC6	ORC6
25564	NOD2	NOD2
25634	NUDT21	NUDT21
25664	CCL22	CCL22
25665	CX3CL1	CX3CL1
25666	CCL17	CCL17
25694	GINS3	GINS3
25790	CTCF	CTCF
26254	SCARF1	SCARF1
26265	RPA1	RPA1
26361	GP1BA	GP1BA
26477	TP53	TP53
26483	NAA38	NAA38
26504	AURKB	AURKB
26526	PIK3R5	PIK3R5
26627	ADORA2B	ADORA2B
26687	SHMT1	SHMT1
26802	SLC46A1	SLC46A1
26811	SPAG5	SPAG5
26872	TMIGD1	TMIGD1
26946	CCL7	CCL7
26994	CCL5	CCL5
27108	CSF3	CSF3
27121	TOP2A	TOP2A
27125	CCR7	CCR7
27235	PSMC3IP	PSMC3IP
27237	TUBG1	TUBG1
27266	BRCA1	BRCA1
27328	KIF18B	KIF18B
27381	ITGB3	ITGB3
27509	LUC7L3	LUC7L3
27518	NME1	NME1
27569	SRSF1	SRSF1
27591	RAD51C	RAD51C
27624	PPM1D	PPM1D
27720	KPNA2	KPNA2
27751	KCNJ2	KCNJ2
27821	JPT1	JPT1
27872	SPHK1	SPHK1
27889	SRSF2	SRSF2
27911	TK1	TK1
27913	BIRC5	BIRC5
27936	ENPP7	ENPP7
28127	MYL12B	MYL12B
28302	NPC1	NPC1
28787	SNRPB	SNRPB
28791	NOP56	NOP56
28823	CDC25B	CDC25B
28848	PCNA	PCNA
29051	GINS1	GINS1
29262	MYBL2	MYBL2
29340	CD40	CD40
29375	CSE1L	CSE1L
29443	AURKA	AURKA
29525	ADRM1	ADRM1
29767	GNA15	GNA15
29806	EBI3	EBI3
29895	TNFSF9	TNFSF9
29896	CD70	CD70
29904	ADGRE1	ADGRE1
30023	DNMT1	DNMT1
30028	ICAM1	ICAM1
30030	ICAM4	ICAM4
30050	ILF3	ILF3
30060	LDLR	LDLR
30061	SPC24	SPC24
30143	RNASEH2A	RNASEH2A
30194	ASF1B	ASF1B
30203	DDX39A	DDX39A
30309	BST2	BST2
30513	CCNE1	CCNE1
30598	SCN1B	SCN1B
30599	HPN	HPN
30602	FXYD3	FXYD3
30611	HAMP	HAMP
30620	FFAR2	FFAR2
30848	AXL	AXL
30868	CEACAM7	CEACAM7
30935	PLAUR	PLAUR
30972	PVR	PVR
31058	PTGIR	PTGIR
31077	C5AR1	C5AR1
31103	LIG1	LIG1
31112	EMP3	EMP3
31231	POLD1	POLD1
31309	FPR1	FPR1
31464	UBE2S	UBE2S
31812	RANBP1	RANBP1
32068	CHEK2	CHEK2
32104	LIF	LIF
32106	OSM	OSM
32154	SLC5A1	SLC5A1
32198	MCM5	MCM5
32235	IL2RB	IL2RB
32355	PHF5A	PHF5A
32361	XRCC6	XRCC6
32369	CENPM	CENPM
32785	IFNAR1	IFNAR1
32786	IFNGR2	IFNGR2
32792	DONSON	DONSON
32945	ICOSLG	ICOSLG
