series	gsm	program	score	control_id	title
GSE92415	GSM2429455	COMMON194_INFLAMMATION	6.58034502945508	GSM2429455	Colon-NHC-UC_E1
GSE92415	GSM2429456	COMMON194_INFLAMMATION	6.78304386475209	GSM2429456	Colon-NHC-UC_G4
GSE92415	GSM2429457	COMMON194_INFLAMMATION	6.7091866580756	GSM2429457	Colon-NHC-UC_A2
GSE92415	GSM2429458	COMMON194_INFLAMMATION	6.60740322042219	GSM2429458	Colon-NHC-UC_A4
GSE92415	GSM2429459	COMMON194_INFLAMMATION	6.42686204712813	GSM2429459	Colon-NHC-UC_D1
GSE92415	GSM2429460	COMMON194_INFLAMMATION	6.47881639175258	GSM2429460	Colon-NHC-UC_H1
GSE92415	GSM2429461	COMMON194_INFLAMMATION	6.50057398748159	GSM2429461	Colon-NHC-UC_B2
GSE92415	GSM2429462	COMMON194_INFLAMMATION	6.47816194035346	GSM2429462	Colon-NHC-UC_G1
GSE92415	GSM2429463	COMMON194_INFLAMMATION	6.46108283382425	GSM2429463	Colon-NHC-UC_F2
GSE92415	GSM2429464	COMMON194_INFLAMMATION	6.50562129970545	GSM2429464	Colon-NHC-UC_D2
GSE92415	GSM2429465	COMMON194_INFLAMMATION	6.87127253804615	GSM2429465	Colon-NHC-UC_D4
GSE92415	GSM2429466	COMMON194_INFLAMMATION	6.45566407584683	GSM2429466	Colon-NHC-UC_B1
GSE92415	GSM2429467	COMMON194_INFLAMMATION	6.74550012272951	GSM2429467	Colon-NHC-UC_H4
GSE92415	GSM2429468	COMMON194_INFLAMMATION	6.64582531664212	GSM2429468	Colon-NHC-UC_C1
GSE92415	GSM2429469	COMMON194_INFLAMMATION	6.68924823269514	GSM2429469	Colon-NHC-UC_F1
GSE92415	GSM2429470	COMMON194_INFLAMMATION	6.72169735517919	GSM2429470	Colon-NHC-UC_B4
GSE92415	GSM2429471	COMMON194_INFLAMMATION	6.53126003681885	GSM2429471	Colon-NHC-UC_C4
GSE92415	GSM2429472	COMMON194_INFLAMMATION	6.45006100024546	GSM2429472	Colon-NHC-UC_A1
GSE92415	GSM2429473	COMMON194_INFLAMMATION	6.74023492268041	GSM2429473	Colon-NHC-UC_F4
GSE92415	GSM2429474	COMMON194_INFLAMMATION	6.56952727417771	GSM2429474	Colon-NHC-UC_C2
GSE92415	GSM2429475	COMMON194_INFLAMMATION	6.58077696735395	GSM2429475	Colon-NHC-UC_E4
GSE92415	GSM2429455	CANDIDATE6	12.046725	GSM2429455	Colon-NHC-UC_E1
GSE92415	GSM2429456	CANDIDATE6	11.821925	GSM2429456	Colon-NHC-UC_G4
GSE92415	GSM2429457	CANDIDATE6	11.6481083333333	GSM2429457	Colon-NHC-UC_A2
GSE92415	GSM2429458	CANDIDATE6	11.9508666666667	GSM2429458	Colon-NHC-UC_A4
GSE92415	GSM2429459	CANDIDATE6	11.7690583333333	GSM2429459	Colon-NHC-UC_D1
GSE92415	GSM2429460	CANDIDATE6	12.0353833333333	GSM2429460	Colon-NHC-UC_H1
GSE92415	GSM2429461	CANDIDATE6	11.9793083333333	GSM2429461	Colon-NHC-UC_B2
GSE92415	GSM2429462	CANDIDATE6	11.9864166666667	GSM2429462	Colon-NHC-UC_G1
GSE92415	GSM2429463	CANDIDATE6	11.3095916666667	GSM2429463	Colon-NHC-UC_F2
GSE92415	GSM2429464	CANDIDATE6	12.0309666666667	GSM2429464	Colon-NHC-UC_D2
GSE92415	GSM2429465	CANDIDATE6	11.637	GSM2429465	Colon-NHC-UC_D4
GSE92415	GSM2429466	CANDIDATE6	11.714375	GSM2429466	Colon-NHC-UC_B1
GSE92415	GSM2429467	CANDIDATE6	11.7451	GSM2429467	Colon-NHC-UC_H4
GSE92415	GSM2429468	CANDIDATE6	11.0152166666667	GSM2429468	Colon-NHC-UC_C1
GSE92415	GSM2429469	CANDIDATE6	10.770575	GSM2429469	Colon-NHC-UC_F1
GSE92415	GSM2429470	CANDIDATE6	11.9300583333333	GSM2429470	Colon-NHC-UC_B4
GSE92415	GSM2429471	CANDIDATE6	11.6352916666667	GSM2429471	Colon-NHC-UC_C4
GSE92415	GSM2429472	CANDIDATE6	12.1723666666667	GSM2429472	Colon-NHC-UC_A1
GSE92415	GSM2429473	CANDIDATE6	12.0161833333333	GSM2429473	Colon-NHC-UC_F4
GSE92415	GSM2429474	CANDIDATE6	12.1191833333333	GSM2429474	Colon-NHC-UC_C2
GSE92415	GSM2429475	CANDIDATE6	11.5356416666667	GSM2429475	Colon-NHC-UC_E4
GSE73661	GSM1900150	COMMON194_INFLAMMATION	7.11603179826804	2	Bp073_Control_2
GSE73661	GSM1900151	COMMON194_INFLAMMATION	7.22446498837113	3	Bp075_Control_3
GSE73661	GSM1900152	COMMON194_INFLAMMATION	7.12806215664433	4	Bp076_Control_4
GSE73661	GSM1900153	COMMON194_INFLAMMATION	7.06950306094244	7	Bp077_Control_7
GSE73661	GSM1900159	COMMON194_INFLAMMATION	7.1372727062543	1	Bp089_Control_1
GSE73661	GSM1900211	COMMON194_INFLAMMATION	7.01776948189347	7	Bp170_Control_7
GSE73661	GSM1900221	COMMON194_INFLAMMATION	7.21850920135052	21	Bp607_Control_21
GSE73661	GSM1900222	COMMON194_INFLAMMATION	7.26055311267869	14	Bp609_Control_14
GSE73661	GSM1900223	COMMON194_INFLAMMATION	7.10828486360567	52	Bp610_Control_52
GSE73661	GSM1900224	COMMON194_INFLAMMATION	7.30301195125773	25	Bp611_Control_25
GSE73661	GSM1900225	COMMON194_INFLAMMATION	7.30937557136426	12	Bp615_Control_12
GSE73661	GSM1900226	COMMON194_INFLAMMATION	7.19257815583419	6	Bp616_Control_6
GSE73661	GSM1900150	CANDIDATE6	11.924275475	2	Bp073_Control_2
GSE73661	GSM1900151	CANDIDATE6	11.9488047383333	3	Bp075_Control_3
GSE73661	GSM1900152	CANDIDATE6	12.533833875	4	Bp076_Control_4
GSE73661	GSM1900153	CANDIDATE6	12.4124619583333	7	Bp077_Control_7
GSE73661	GSM1900159	CANDIDATE6	12.4556561866667	1	Bp089_Control_1
GSE73661	GSM1900211	CANDIDATE6	12.5987088016667	7	Bp170_Control_7
GSE73661	GSM1900221	CANDIDATE6	12.2224074366667	21	Bp607_Control_21
GSE73661	GSM1900222	CANDIDATE6	11.3957568383333	14	Bp609_Control_14
GSE73661	GSM1900223	CANDIDATE6	12.1757206616667	52	Bp610_Control_52
GSE73661	GSM1900224	CANDIDATE6	12.42485896	25	Bp611_Control_25
GSE73661	GSM1900225	CANDIDATE6	12.1837002583333	12	Bp615_Control_12
GSE73661	GSM1900226	CANDIDATE6	12.4375894616667	6	Bp616_Control_6
